2026-06-24 23:20:53.450 [main] INFO  Launcher    ********************************************************************************
2026-06-24 23:20:53.451 [main] INFO  Launcher    **                                  Protege                                   **
2026-06-24 23:20:53.451 [main] INFO  Launcher    ********************************************************************************
2026-06-24 23:20:53.451 [main] INFO  Launcher    
2026-06-24 23:20:53.451 [main] INFO  Launcher    ----------------- Initialising and Starting the OSGi Framework -----------------
2026-06-24 23:20:53.451 [main] INFO  Launcher    FrameworkFactory Class: org.apache.felix.framework.FrameworkFactory
2026-06-24 23:20:53.451 [main] INFO  Launcher    
2026-06-24 23:20:53.560 [main] INFO  Launcher    The OSGi framework has been initialised
2026-06-24 23:20:53.855 [main] INFO  Launcher    ------------------------------- Starting Bundles -------------------------------
2026-06-24 23:20:53.855 [main] INFO  Launcher    Starting bundle org.protege.common
2026-06-24 23:20:53.857 [main] INFO  Launcher    Starting bundle org.eclipse.equinox.common
2026-06-24 23:20:53.857 [main] INFO  Launcher    Starting bundle org.eclipse.equinox.supplement
2026-06-24 23:20:53.857 [main] INFO  Launcher    Starting bundle org.eclipse.equinox.registry
2026-06-24 23:20:53.857 [main] INFO  Launcher    Starting bundle org.protege.editor.core.application
2026-06-24 23:20:53.857 [main] INFO  Launcher    Starting bundle org.objectweb.asm.tree.analysis
2026-06-24 23:20:53.859 [main] INFO  Launcher    Starting bundle org.objectweb.asm.tree
2026-06-24 23:20:53.859 [main] INFO  Launcher    Starting bundle org.objectweb.asm.util
2026-06-24 23:20:53.859 [main] INFO  Launcher    Starting bundle org.objectweb.asm
2026-06-24 23:20:53.859 [main] INFO  Launcher    Starting bundle org.apache.commons.commons-io
2026-06-24 23:20:53.859 [main] INFO  Launcher    Starting bundle org.glassfish.corba.glassfish-corba-omgapi
2026-06-24 23:20:53.859 [main] INFO  Launcher    Starting bundle com.google.guava
2026-06-24 23:20:53.861 [main] INFO  Launcher    Starting bundle jakarta.activation-api
2026-06-24 23:20:53.861 [main] INFO  Launcher    Starting bundle com.googlecode.javaewah.JavaEWAH
2026-06-24 23:20:53.861 [main] INFO  Launcher    Starting bundle jaxb-api
2026-06-24 23:20:53.861 [main] INFO  Launcher    Starting bundle com.sun.xml.bind.jaxb-core
2026-06-24 23:20:53.861 [main] INFO  Launcher    Starting bundle com.sun.xml.bind.jaxb-impl
2026-06-24 23:20:53.863 [main] INFO  Launcher    Starting bundle org.jsr-305
2026-06-24 23:20:53.863 [main] INFO  Launcher    Starting bundle jul.to.slf4j
2026-06-24 23:20:53.863 [main] INFO  Launcher    Starting bundle log4j.over.slf4j
2026-06-24 23:20:53.863 [main] INFO  Launcher    Starting bundle ch.qos.logback.classic
2026-06-24 23:20:53.863 [main] INFO  Launcher    Starting bundle ch.qos.logback.core
2026-06-24 23:20:53.863 [main] INFO  Launcher    Starting bundle org.glassfish.external.management-api
2026-06-24 23:20:53.865 [main] INFO  Launcher    Starting bundle org.apache.felix.main
2026-06-24 23:20:53.865 [main] INFO  Launcher    Starting bundle org.apache.servicemix.bundles.javax-inject
2026-06-24 23:20:53.865 [main] INFO  Launcher    Starting bundle org.eclipse.equinox.common
2026-06-24 23:20:53.865 [main] INFO  Launcher    Starting bundle org.eclipse.equinox.registry
2026-06-24 23:20:53.865 [main] INFO  Launcher    Starting bundle org.eclipse.equinox.supplement
2026-06-24 23:20:53.866 [main] INFO  Launcher    Starting bundle org.eclipse.jgit
2026-06-24 23:20:53.866 [main] INFO  Launcher    Starting bundle org.semanticweb.owl.owlapi
2026-06-24 23:20:53.868 [main] INFO  Launcher    Starting bundle org.glassfish.pfl.pfl-basic
2026-06-24 23:20:53.868 [main] INFO  Launcher    Starting bundle org.glassfish.pfl.pfl-dynamic
2026-06-24 23:20:53.868 [main] INFO  Launcher    Starting bundle org.glassfish.pfl.pfl-tf
2026-06-24 23:20:53.868 [main] INFO  Launcher    Starting bundle org.protege.common
2026-06-24 23:20:53.868 [main] INFO  Launcher    Starting bundle org.protege.editor.core.application
2026-06-24 23:20:53.868 [main] INFO  Launcher    Starting bundle org.protege.editor.owl
2026-06-24 23:20:53.868 [main] INFO  Launcher    Starting bundle slf4j.api
2026-06-24 23:20:53.868 [main] INFO  Launcher    Starting bundle cellfie
2026-06-24 23:20:53.868 [main] INFO  Launcher    Starting bundle code-generation
2026-06-24 23:20:53.871 [main] INFO  Launcher    Starting bundle org.semanticweb.elk
2026-06-24 23:20:53.871 [main] INFO  Launcher    Starting bundle existentialquery
2026-06-24 23:20:53.871 [main] INFO  Launcher    Starting bundle uk.ac.manchester.cs.owl.explanation
2026-06-24 23:20:53.871 [main] INFO  Launcher    Starting bundle org.protege.ontograf
2026-06-24 23:20:53.871 [main] INFO  Launcher    Starting bundle org.coode.dlquery
2026-06-24 23:20:53.871 [main] INFO  Launcher    Starting bundle org.semanticweb.hermit
2026-06-24 23:20:53.871 [main] INFO  Launcher    Starting bundle org.coode.browser
2026-06-24 23:20:53.874 [main] INFO  Launcher    Starting bundle org.coode.owlviz
2026-06-24 23:20:53.874 [main] INFO  Launcher    Starting bundle org.protege.owl.rdf
2026-06-24 23:20:53.874 [main] INFO  Launcher    Starting bundle org.protege.editor.owl.rdf
2026-06-24 23:20:53.874 [main] INFO  Launcher    Starting bundle swrltab-plugin
2026-06-24 23:20:54.569 [main] INFO  Launcher    The OSGi framework has been started
2026-06-24 23:20:54.569 [main] INFO  Launcher    
2026-06-24 23:20:54.571 [FelixDispatchQueue] INFO  ProtegeApplication    ------------------------------------ Protege -----------------------------------
2026-06-24 23:20:54.577 [FelixDispatchQueue] INFO  ProtegeApplication    Protege Desktop
2026-06-24 23:20:54.577 [FelixDispatchQueue] INFO  ProtegeApplication    Version 5.6.9, Build 
2026-06-24 23:20:54.580 [FelixDispatchQueue] INFO  ProtegeApplication    
2026-06-24 23:20:54.580 [FelixDispatchQueue] INFO  ProtegeApplication    
2026-06-24 23:20:54.580 [FelixDispatchQueue] INFO  ProtegeApplication    ----------------------------------- Platform -----------------------------------
2026-06-24 23:20:54.580 [FelixDispatchQueue] INFO  ProtegeApplication    Java: JVM 11.0.25+9  Memory: 9663M
2026-06-24 23:20:54.580 [FelixDispatchQueue] INFO  ProtegeApplication    Language: pt, Country: BR
2026-06-24 23:20:54.580 [FelixDispatchQueue] INFO  ProtegeApplication    Framework: Apache Software Foundation (1.9) 
2026-06-24 23:20:54.580 [FelixDispatchQueue] INFO  ProtegeApplication    OS: win32 (10.0.0)
2026-06-24 23:20:54.580 [FelixDispatchQueue] INFO  ProtegeApplication    Processor: x86-64

2026-06-24 23:20:54.580 [FelixDispatchQueue] INFO  ProtegeApplication    
2026-06-24 23:20:54.580 [FelixDispatchQueue] INFO  ProtegeApplication    ------------------------------------ Plugins -----------------------------------
2026-06-24 23:20:54.582 [FelixDispatchQueue] INFO  ProtegeApplication    Plugin: Cellfie Protege 5.0+ Plugin (2.1.0)
2026-06-24 23:20:54.582 [FelixDispatchQueue] INFO  ProtegeApplication    Plugin: OWL Code Generation Plug-in (2.0.0)
2026-06-24 23:20:54.582 [FelixDispatchQueue] INFO  ProtegeApplication    Plugin: ELK Reasoner Protege Plug-in (0.6.0)
2026-06-24 23:20:54.582 [FelixDispatchQueue] INFO  ProtegeApplication    Plugin: Existential Query (2.0.0)
2026-06-24 23:20:54.582 [FelixDispatchQueue] INFO  ProtegeApplication    Plugin: Explanation Workbench (3.0.1)
2026-06-24 23:20:54.582 [FelixDispatchQueue] INFO  ProtegeApplication    Plugin: OntoGraf (2.0.3)
2026-06-24 23:20:54.582 [FelixDispatchQueue] INFO  ProtegeApplication    Plugin: DL Query (4.0.1)
2026-06-24 23:20:54.582 [FelixDispatchQueue] INFO  ProtegeApplication    Plugin: HermiT Reasoner (1.4.3.456)
2026-06-24 23:20:54.582 [FelixDispatchQueue] INFO  ProtegeApplication    Plugin: Browser View (OWLDoc) (3.0.3)
2026-06-24 23:20:54.582 [FelixDispatchQueue] INFO  ProtegeApplication    Plugin: OWLViz (5.0.3)
2026-06-24 23:20:54.583 [FelixDispatchQueue] INFO  ProtegeApplication    Plugin: OWLAPI RDF Library (3.0.1)
2026-06-24 23:20:54.583 [FelixDispatchQueue] INFO  ProtegeApplication    Plugin: SPARQL Query Plugin (3.0.0)
2026-06-24 23:20:54.583 [FelixDispatchQueue] INFO  ProtegeApplication    Plugin: SWRLTab Plugin (2.0.10)
2026-06-24 23:20:54.583 [FelixDispatchQueue] INFO  ProtegeApplication    
2026-06-24 23:20:54.911 [FelixDispatchQueue] INFO  ProtegeApplication    Creating and setting up empty (default) editor kit
2026-06-24 23:20:54.914 [FelixDispatchQueue] INFO  OWLEditorKit    OWL API Version: 4.5.29.2024-05-13T12:11:03Z
2026-06-24 23:20:55.219 [FelixDispatchQueue] INFO  OWLModelManagerImpl    Cannot generate ontology catalog for ontology at http://www.semanticweb.org/helio/ontologies/2026/5/untitled-ontology-2. URI scheme is not "file"
2026-06-24 23:20:56.241 [FelixDispatchQueue] INFO  OboFoundryRegistryManager    OBO Foundry registry loaded: 265 entries
2026-06-24 23:20:56.297 [FelixDispatchQueue] INFO  ProtegeApplication    ------------------------------- Auto-update Check ------------------------------
2026-06-24 23:20:56.298 [FelixDispatchQueue] INFO  ProtegeApplication    Auto-update last performed: Wed Dec 31 21:00:00 BRT 1969
2026-06-24 23:20:56.307 [FelixDispatchQueue] INFO  ProtegeApplication    Auto-update has not been performed today.  Running it.
2026-06-24 23:20:56.311 [FelixDispatchQueue] INFO  ProtegeApplication    
2026-06-24 23:20:56.311 [Auto-Update] INFO  PluginRegistryImpl    ------------------------------ Running Auto-update -----------------------------
2026-06-24 23:20:56.313 [Auto-Update] INFO  PluginRegistryImpl    
2026-06-24 23:20:56.313 [Auto-Update] INFO  PluginRegistryImpl    --- Searching for plugins ---
2026-06-24 23:20:56.328 [Auto-Update] INFO  PluginRegistryImpl    Checking https://raw.githubusercontent.com/protegeproject/autoupdate/master/update-info/5.0.0/plugins.repository
2026-06-24 23:20:56.328 [Auto-Update] INFO  PluginRegistryImpl        Processing https://raw.githubusercontent.com/protegeproject/autoupdate/master/update-info/5.0.0/plugins.repository as a plugin registry
2026-06-24 23:20:57.206 [Auto-Update] INFO  PluginRegistryImpl            Checking https://raw.githubusercontent.com/protegeproject/cellfie-plugin/master/update-info/protege-5/update.properties
2026-06-24 23:20:58.213 [Auto-Update] INFO  PluginRegistryImpl            Checking https://gitlab.ifi.uzh.ch/DDIS-Public/chimp-protege-plugin/-/raw/master/update.properties
2026-06-24 23:20:58.965 [Auto-Update] INFO  PluginRegistryImpl            Checking https://raw.githubusercontent.com/comodide/CoModIDE/master/update.properties
2026-06-24 23:20:59.287 [Auto-Update] INFO  PluginRegistryImpl            Checking https://raw.githubusercontent.com/co-ode-owl-plugins/change-tracker/master/update-info/protege-5/update.properties
2026-06-24 23:20:59.603 [Auto-Update] INFO  PluginRegistryImpl            Checking https://raw.githubusercontent.com/protegeproject/csv-export-plugin/master/src/main/resources/update.properties
2026-06-24 23:21:00.478 [Auto-Update] INFO  PluginRegistryImpl            Checking https://raw.githubusercontent.com/protegeproject/dlquery/master/update-info/protege-5/update.properties
2026-06-24 23:21:00.763 [Auto-Update] INFO  PluginRegistryImpl            Checking https://raw.githubusercontent.com/protegeproject/autoupdate/master/elk/0.4.3/update.properties
2026-06-24 23:21:01.052 [Auto-Update] INFO  PluginRegistryImpl            Checking https://raw.githubusercontent.com/protegeproject/existentialquery/master/update-info/protege-5/update.properties
2026-06-24 23:21:01.354 [Auto-Update] INFO  PluginRegistryImpl            Checking https://bitbucket.org/dtsarkov/factplusplus/downloads/config.autoupdate.Protege-5.0.txt
2026-06-24 23:21:03.063 [Auto-Update] INFO  PluginRegistryImpl            Checking https://raw.githubusercontent.com/julianmendez/jcel/master/update-info/protege-5/update.properties
2026-06-24 23:21:03.336 [Auto-Update] INFO  PluginRegistryImpl            Checking https://raw.githubusercontent.com/KITE-Cloud/AOWLN/master/update.properties
2026-06-24 23:21:04.023 [Auto-Update] INFO  PluginRegistryImpl            Checking http://www.obdasystems.com/sites/default/files/download/plug-in/update.properties
2026-06-24 23:21:04.455 [Auto-Update] INFO  PluginRegistryImpl                The plugin update document at http://www.obdasystems.com/sites/default/files/download/plug-in/update.properties is not valid.  Reason: No plugin Id given.
2026-06-24 23:21:04.455 [Auto-Update] INFO  PluginRegistryImpl                Processing http://www.obdasystems.com/sites/default/files/download/plug-in/update.properties as a plugin registry
2026-06-24 23:21:04.678 [Auto-Update] INFO  PluginRegistryImpl            Checking https://raw.githubusercontent.com/co-ode-owl-plugins/matrix/master/etc/update.matrix.properties
2026-06-24 23:21:04.982 [Auto-Update] INFO  PluginRegistryImpl            Checking https://raw.githubusercontent.com/protegeproject/ontograf/master/update-info/protege-5/update.properties
2026-06-24 23:21:05.494 [Auto-Update] INFO  PluginRegistryImpl            Checking http://isbi.aau.at/ontodebug/update.properties
2026-06-24 23:21:06.642 [Auto-Update] INFO  PluginRegistryImpl            Checking https://kbss.felk.cvut.cz/tools/owlhierarchy/update.properties
2026-06-24 23:21:07.343 [Auto-Update] INFO  PluginRegistryImpl            Checking https://raw.githubusercontent.com/ontop/ontop/master/protege/plugin/update.properties
2026-06-24 23:21:07.614 [Auto-Update] INFO  PluginRegistryImpl            Checking https://raw.githubusercontent.com/protegeproject/rdf-library/master/update-info/protege-5/update.properties
2026-06-24 23:21:07.901 [Auto-Update] INFO  PluginRegistryImpl            Checking https://raw.githubusercontent.com/protegeproject/owl-diff/master/update-info/protege-5/update.properties
2026-06-24 23:21:08.289 [Auto-Update] INFO  PluginRegistryImpl            Checking https://raw.githubusercontent.com/co-ode-owl-plugins/owldoc/master/update-info/protege-5/update.properties
2026-06-24 23:21:08.575 [Auto-Update] INFO  PluginRegistryImpl            Checking https://raw.githubusercontent.com/protegeproject/owlviz/master/update-info/protege-5/update.properties
2026-06-24 23:21:08.884 [Auto-Update] INFO  PluginRegistryImpl            Checking https://raw.githubusercontent.com/Complexible/pellet/master/protege/plugin/plugins.repository
2026-06-24 23:21:08.884 [Auto-Update] INFO  PluginRegistryImpl                Processing https://raw.githubusercontent.com/Complexible/pellet/master/protege/plugin/plugins.repository as a plugin registry
2026-06-24 23:21:09.177 [Auto-Update] INFO  PluginRegistryImpl                    Checking https://raw.githubusercontent.com/Complexible/pellet/master/protege/plugin/update.properties
2026-06-24 23:21:09.437 [Auto-Update] INFO  PluginRegistryImpl            Checking https://raw.githubusercontent.com/protegeproject/autoupdate/master/snap-sparql-query/update-info/protege-5/update.properties
2026-06-24 23:21:09.741 [Auto-Update] INFO  PluginRegistryImpl            Checking https://raw.githubusercontent.com/KITE-Cloud/SRE/master/update.properties
2026-06-24 23:21:10.059 [Auto-Update] INFO  PluginRegistryImpl            Checking https://raw.githubusercontent.com/protegeproject/sparql-query-plugin/master/update-info/protege-5/update.properties
2026-06-24 23:21:10.351 [Auto-Update] INFO  PluginRegistryImpl            Checking https://raw.githubusercontent.com/protegeproject/swrltab-plugin/master/update-info/protege-5/update.properties
2026-06-24 23:21:10.639 [Auto-Update] INFO  PluginRegistryImpl            Checking https://raw.githubusercontent.com/md-k-sarker/OWLAx/master/update.properties
2026-06-24 23:21:10.916 [Auto-Update] INFO  PluginRegistryImpl            Checking https://raw.githubusercontent.com/md-k-sarker/ROWL/master/update.properties
2026-06-24 23:21:11.220 [Auto-Update] INFO  PluginRegistryImpl            Checking https://raw.githubusercontent.com/owlcollab/protege-obo-plugin/master/update.properties
2026-06-24 23:21:11.507 [Auto-Update] INFO  PluginRegistryImpl            Checking https://raw.githubusercontent.com/geneontology/protege-taxon-constraints/master/update.properties
2026-06-24 23:21:11.786 [Auto-Update] INFO  PluginRegistryImpl            Checking https://raw.githubusercontent.com/onor13/odase.protege.plugins.repository/master/odase.plugins.repository
2026-06-24 23:21:11.786 [Auto-Update] INFO  PluginRegistryImpl                Processing https://raw.githubusercontent.com/onor13/odase.protege.plugins.repository/master/odase.plugins.repository as a plugin registry
2026-06-24 23:21:12.088 [Auto-Update] INFO  PluginRegistryImpl                    Checking https://raw.githubusercontent.com/onor13/odase.protege.plugin.propertiesInDomainClass/master/update.properties
2026-06-24 23:21:12.378 [Auto-Update] INFO  PluginRegistryImpl                    Checking https://raw.githubusercontent.com/onor13/odase.protege.plugin.individualPropertiesContextualAssertions/master/update.properties
2026-06-24 23:21:12.665 [Auto-Update] INFO  PluginRegistryImpl            Checking https://raw.githubusercontent.com/NJITSABOC/oaf-protege/OAFSummarizationPlugin/update-info/protege-5/update.properties
2026-06-24 23:21:12.960 [Auto-Update] INFO  PluginRegistryImpl            Checking https://raw.githubusercontent.com/fekaputra/shacl-plugin/master/update-info/protege-5/update.properties
2026-06-24 23:21:13.220 [Auto-Update] INFO  PluginRegistryImpl    
2026-06-25 09:07:27.488 [Installing plugins thread] INFO  PluginInstaller    ----------------------- Downloading and Installing Plugin ----------------------
2026-06-25 09:07:27.490 [Installing plugins thread] INFO  PluginInstaller    Downloading the Cellfie plugin (Version 2.2.4)
2026-06-25 09:07:27.490 [Installing plugins thread] INFO  PluginInstaller    Downloading the Cellfie plugin from: https://github.com/protegeproject/cellfie-plugin/releases/download/cellfie-2.2.4/cellfie-2.2.4.jar
2026-06-25 09:07:31.778 [AWT-EventQueue-0] INFO  OWLEditorKit    OWL API Version: 4.5.29.2024-05-13T12:11:03Z
2026-06-25 09:07:54.463 [AWT-EventQueue-0] INFO  OWLModelManagerImpl    ------------------------------- Loading Ontology -------------------------------
2026-06-25 09:07:54.463 [AWT-EventQueue-0] INFO  OWLModelManagerImpl    Loading ontology from file:/C:/Workspace/artigos/Ontologia%20de%20Solos/Pesquisa%20SCOPUS/Imagens%20Ontologia/agro.rdf
2026-06-25 09:07:54.938 [pool-4-thread-1] INFO  OntologyLoader    Finished loading file:/C:/Workspace/artigos/Ontologia%20de%20Solos/Pesquisa%20SCOPUS/Imagens%20Ontologia/agro.rdf
2026-06-25 09:07:54.952 [AWT-EventQueue-0] INFO  GitRepositoryManager    [GitRepo] Git repository detected: C:\Workspace\artigos\.git
2026-06-25 09:07:55.040 [AWT-EventQueue-0] INFO  GitRepoStatusPresenter    [GitRepo] On branch: main
2026-06-25 09:07:58.231 [AWT-EventQueue-0] INFO  GitRepositoryManager    [GitRepo] Git repository detected: C:\Workspace\artigos\.git
2026-06-25 09:07:58.235 [AWT-EventQueue-0] INFO  GitRepoStatusPresenter    [GitRepo] On branch: main
2026-06-25 09:07:58.278 [AWT-EventQueue-0] INFO  OWLModelManagerImpl    Loading for ontology and imports closure successfully completed in 3812 ms
2026-06-25 09:07:58.281 [AWT-EventQueue-0] INFO  OWLModelManagerImpl    
2026-06-25 09:07:58.321 [AWT-EventQueue-0] INFO  GitRepositoryManager    [GitRepo] Git repository detected: C:\Workspace\artigos\.git
2026-06-25 09:07:58.323 [AWT-EventQueue-0] INFO  GitRepoStatusPresenter    [GitRepo] On branch: main
2026-06-25 09:07:58.426 [AWT-EventQueue-0] INFO  OWLEditorKit    ---------------------------- Disposing of Workspace ----------------------------
2026-06-25 09:07:58.519 [AWT-EventQueue-0] INFO  TabbedWorkspace    Saved tab state for 'Entities' tab
2026-06-25 09:07:58.519 [AWT-EventQueue-0] INFO  TabbedWorkspace    Saved tab state for 'DL Query' tab
2026-06-25 09:07:58.519 [AWT-EventQueue-0] INFO  TabbedWorkspace    Saved tab state for 'Active ontology' tab
2026-06-25 09:07:58.519 [AWT-EventQueue-0] INFO  TabbedWorkspace    Saved tab state for 'Individuals by class' tab
2026-06-25 09:07:58.519 [AWT-EventQueue-0] INFO  TabbedWorkspace    Saved workspace
2026-06-25 09:07:58.519 [AWT-EventQueue-0] INFO  TabbedWorkspace    Disposed of 'Entities' tab
2026-06-25 09:07:58.529 [AWT-EventQueue-0] INFO  TabbedWorkspace    Disposed of 'DL Query' tab
2026-06-25 09:07:58.529 [AWT-EventQueue-0] INFO  TabbedWorkspace    Disposed of 'Active ontology' tab
2026-06-25 09:07:58.533 [AWT-EventQueue-0] INFO  TabbedWorkspace    Disposed of 'Individuals by class' tab
2026-06-25 09:07:58.533 [AWT-EventQueue-0] INFO  TabbedWorkspace    Disposed of workspace
2026-06-25 09:07:58.540 [AWT-EventQueue-0] INFO  OWLEditorKit    
2026-06-25 09:07:58.635 [AWT-EventQueue-0] INFO  ActiveOntologyIdRangesPolicyManager    [IdRanges] Updating entity creation preferences
2026-06-25 09:07:58.645 [AWT-EventQueue-0] INFO  GitRepositoryManager    [GitRepo] Git repository detected: C:\Workspace\artigos\.git
2026-06-25 09:07:58.645 [AWT-EventQueue-0] INFO  GitRepoStatusPresenter    [GitRepo] On branch: main
2026-06-25 09:08:07.244 [Installing plugins thread] INFO  PluginInstaller    The Cellfie plugin has been downloaded to C:\Users\helio\AppData\Local\Temp\cellfie18388851865469839982.jar
2026-06-25 09:08:07.271 [Installing plugins thread] INFO  PluginInstaller    Copied the Cellfie plugin to cellfie-2.2.4.jar in the plugins directory
2026-06-25 09:08:07.271 [Installing plugins thread] INFO  PluginInstaller    The Cellfie plugin requires a restart of Protégé
2026-06-25 09:08:07.271 [Installing plugins thread] INFO  PluginInstaller    
2026-06-25 09:08:09.206 [AWT-EventQueue-0] INFO  GitRepositoryManager    [GitRepo] Git repository detected: C:\Workspace\artigos\.git
2026-06-25 09:08:09.209 [AWT-EventQueue-0] INFO  GitRepoStatusPresenter    [GitRepo] On branch: main
2026-06-25 09:10:09.459 [AWT-EventQueue-0] INFO  GitRepositoryManager    [GitRepo] Git repository detected: C:\Workspace\artigos\.git
2026-06-25 09:10:09.461 [AWT-EventQueue-0] INFO  GitRepoStatusPresenter    [GitRepo] On branch: main
2026-06-25 09:10:09.502 [AWT-EventQueue-0] INFO  GitRepositoryManager    [GitRepo] Git repository detected: C:\Workspace\artigos\.git
2026-06-25 09:10:09.504 [AWT-EventQueue-0] INFO  GitRepoStatusPresenter    [GitRepo] On branch: main
2026-06-25 09:10:37.435 [AWT-EventQueue-0] INFO  GitRepositoryManager    [GitRepo] Git repository detected: C:\Workspace\artigos\.git
2026-06-25 09:10:37.437 [AWT-EventQueue-0] INFO  GitRepoStatusPresenter    [GitRepo] On branch: main
2026-06-25 09:11:27.902 [AWT-EventQueue-0] INFO  GitRepositoryManager    [GitRepo] Git repository detected: C:\Workspace\artigos\.git
2026-06-25 09:11:27.908 [AWT-EventQueue-0] INFO  GitRepoStatusPresenter    [GitRepo] On branch: main
2026-06-25 09:11:36.760 [AWT-EventQueue-0] INFO  GitRepositoryManager    [GitRepo] Git repository detected: C:\Workspace\artigos\.git
2026-06-25 09:11:36.763 [AWT-EventQueue-0] INFO  GitRepoStatusPresenter    [GitRepo] On branch: main
2026-06-25 09:11:36.786 [AWT-EventQueue-0] INFO  GitRepositoryManager    [GitRepo] Git repository detected: C:\Workspace\artigos\.git
2026-06-25 09:11:36.792 [AWT-EventQueue-0] INFO  GitRepoStatusPresenter    [GitRepo] On branch: main
2026-06-25 09:15:48.704 [AWT-EventQueue-0] INFO  GitRepositoryManager    [GitRepo] Git repository detected: C:\Workspace\artigos\.git
2026-06-25 09:15:48.709 [AWT-EventQueue-0] INFO  GitRepoStatusPresenter    [GitRepo] On branch: main
2026-06-25 09:16:07.753 [AWT-EventQueue-0] INFO  GitRepositoryManager    [GitRepo] Git repository detected: C:\Workspace\artigos\.git
2026-06-25 09:16:07.760 [AWT-EventQueue-0] INFO  GitRepoStatusPresenter    [GitRepo] On branch: main
2026-06-25 12:02:13.674 [AWT-EventQueue-0] INFO  GitRepositoryManager    [GitRepo] Git repository detected: C:\Workspace\artigos\.git
2026-06-25 12:02:13.676 [AWT-EventQueue-0] INFO  GitRepoStatusPresenter    [GitRepo] On branch: main
2026-06-25 12:14:40.254 [AWT-EventQueue-0] INFO  GitRepositoryManager    [GitRepo] Git repository detected: C:\Workspace\artigos\.git
2026-06-25 12:14:40.254 [AWT-EventQueue-0] INFO  GitRepoStatusPresenter    [GitRepo] On branch: main
2026-06-25 12:15:40.958 [AWT-EventQueue-0] INFO  GitRepositoryManager    [GitRepo] Git repository detected: C:\Workspace\artigos\.git
2026-06-25 12:15:40.960 [AWT-EventQueue-0] INFO  GitRepoStatusPresenter    [GitRepo] On branch: main
2026-06-25 12:15:49.158 [AWT-EventQueue-0] INFO  GitRepositoryManager    [GitRepo] Git repository detected: C:\Workspace\artigos\.git
2026-06-25 12:15:49.158 [AWT-EventQueue-0] INFO  GitRepoStatusPresenter    [GitRepo] On branch: main
2026-06-25 12:55:28.808 [AWT-EventQueue-0] INFO  GitRepositoryManager    [GitRepo] Git repository detected: C:\Workspace\artigos\.git
2026-06-25 12:55:28.814 [AWT-EventQueue-0] INFO  GitRepoStatusPresenter    [GitRepo] On branch: main
2026-06-25 12:55:46.655 [AWT-EventQueue-0] INFO  OWLEditorKit    OWL API Version: 4.5.29.2024-05-13T12:11:03Z
2026-06-25 12:55:46.708 [AWT-EventQueue-0] INFO  OWLModelManagerImpl    Cannot generate ontology catalog for ontology at http://www.semanticweb.org/helio/ontologies/2026/5/untitled-ontology-3. URI scheme is not "file"
2026-06-25 12:55:46.809 [AWT-EventQueue-0] INFO  GitRepositoryManager    [GitRepo] Git repository detected: C:\Workspace\artigos\.git
2026-06-25 12:55:46.813 [AWT-EventQueue-0] INFO  GitRepoStatusPresenter    [GitRepo] On branch: main
2026-06-25 12:55:49.421 [AWT-EventQueue-0] INFO  GitRepositoryManager    [GitRepo] Git repository detected: C:\Workspace\artigos\.git
2026-06-25 12:55:49.423 [AWT-EventQueue-0] INFO  GitRepoStatusPresenter    [GitRepo] On branch: main
2026-06-25 12:55:49.606 [AWT-EventQueue-0] INFO  OWLEditorKit    ---------------------------- Disposing of Workspace ----------------------------
2026-06-25 12:55:49.616 [AWT-EventQueue-0] INFO  TabbedWorkspace    Saved tab state for 'Individuals by class' tab
2026-06-25 12:55:49.619 [AWT-EventQueue-0] INFO  TabbedWorkspace    Saved tab state for 'DL Query' tab
2026-06-25 12:55:49.623 [AWT-EventQueue-0] INFO  TabbedWorkspace    Saved tab state for 'Active ontology' tab
2026-06-25 12:55:49.625 [AWT-EventQueue-0] INFO  TabbedWorkspace    Saved tab state for 'Entities' tab
2026-06-25 12:55:49.625 [AWT-EventQueue-0] INFO  TabbedWorkspace    Saved workspace
2026-06-25 12:55:49.631 [AWT-EventQueue-0] INFO  TabbedWorkspace    Disposed of 'Individuals by class' tab
2026-06-25 12:55:49.633 [AWT-EventQueue-0] INFO  TabbedWorkspace    Disposed of 'DL Query' tab
2026-06-25 12:55:49.636 [AWT-EventQueue-0] INFO  TabbedWorkspace    Disposed of 'Active ontology' tab
2026-06-25 12:55:49.673 [AWT-EventQueue-0] INFO  TabbedWorkspace    Disposed of 'Entities' tab
2026-06-25 12:55:49.682 [AWT-EventQueue-0] INFO  TabbedWorkspace    Disposed of workspace
2026-06-25 12:55:49.684 [AWT-EventQueue-0] INFO  OWLEditorKit    
2026-06-25 12:58:42.573 [pool-9-thread-1] INFO  AddImportsStrategy    -------------------- Importing ontology and imports closure --------------------
2026-06-25 12:58:42.575 [pool-9-thread-1] INFO  AddImportsStrategy    Processing https://ghelfer.net/ontologies/soil-ontology
2026-06-25 12:58:43.012 [pool-9-thread-1] INFO  AbstractOWLParser    URL connection input stream is compressed using gzip
2026-06-25 12:58:43.198 [pool-9-thread-1] INFO  AddImportsStrategy    Finished loading https://ghelfer.net/ontologies/soil-ontology/agro.rdf
2026-06-25 12:58:43.200 [pool-9-thread-1] INFO  AddImportsStrategy    Copying imported ontology: https://ghelfer.net/ontologies/soil-ontology/agro.rdf
2026-06-25 12:58:43.217 [pool-9-thread-1] INFO  AddImportsStrategy    
2026-06-25 12:58:43.217 [AWT-EventQueue-0] INFO  AddImportsStrategy    Adding imports statements
2026-06-25 12:58:43.274 [AWT-EventQueue-0] INFO  AddImportsStrategy    Finished adding imports
2026-06-25 14:08:38.487 [Thread-2] INFO  LastResortExtractor    Exception caught trying to get ontology id for https://archive.researchdata.leeds.ac.uk/42/5/Soil-Property-Process.owl
org.semanticweb.owlapi.io.UnparsableOntologyException: Problem parsing https://archive.researchdata.leeds.ac.uk/42/5/Soil-Property-Process.owl
Could not parse ontology.  Either a suitable parser could not be found, or parsing failed.  See parser logs below for explanation.
The following parsers were tried:
1) org.semanticweb.owlapi.rdf.rdfxml.parser.RDFXMLParser@10077b3b
2) org.semanticweb.owlapi.owlxml.parser.OWLXMLParser@fab35c2
3) org.semanticweb.owlapi.functional.parser.OWLFunctionalSyntaxOWLParser@588fff00
4) org.semanticweb.owlapi.rio.RioParserImpl : org.semanticweb.owlapi.formats.RioTurtleDocumentFormatFactory@95fd655c
5) org.semanticweb.owlapi.manchestersyntax.parser.ManchesterOWLSyntaxOntologyParser@7618c325
6) org.semanticweb.owlapi.rio.RioParserImpl : org.semanticweb.owlapi.formats.NQuadsDocumentFormatFactory@6f9c39ad
7) org.semanticweb.owlapi.rio.RioParserImpl : org.semanticweb.owlapi.formats.TrigDocumentFormatFactory@27e81c
8) org.semanticweb.owlapi.rio.RioParserImpl : org.semanticweb.owlapi.formats.NTriplesDocumentFormatFactory@937ecd36
9) org.semanticweb.owlapi.rio.RioParserImpl : org.semanticweb.owlapi.formats.RDFJsonDocumentFormatFactory@cd748dc3
10) org.semanticweb.owlapi.rio.RioParserImpl : org.semanticweb.owlapi.formats.BinaryRDFDocumentFormatFactory@3bf24493
11) org.semanticweb.owlapi.rio.RioParserImpl : org.semanticweb.owlapi.formats.RDFJsonLDDocumentFormatFactory@dcacc47d
12) org.semanticweb.owlapi.rio.RioParserImpl : org.semanticweb.owlapi.formats.RioRDFXMLDocumentFormatFactory@69b9a3bc
13) org.semanticweb.owlapi.rio.RioParserImpl : org.semanticweb.owlapi.formats.N3DocumentFormatFactory@9a5
14) org.semanticweb.owlapi.rdf.turtle.parser.TurtleOntologyParser@629d12e4
15) org.semanticweb.owlapi.oboformat.OBOFormatOWLAPIParser@1896b263
16) org.semanticweb.owlapi.krss2.parser.KRSS2OWLParser@c8cbe73
17) org.semanticweb.owlapi.rio.RioParserImpl : org.semanticweb.owlapi.formats.RDFaDocumentFormatFactory@264e8d


Detailed logs:
--------------------------------------------------------------------------------
Parser: org.semanticweb.owlapi.rdf.rdfxml.parser.RDFXMLParser@10077b3b
    Stack trace:
org.xml.sax.SAXParseException; systemId: https://archive.researchdata.leeds.ac.uk/42/5/Soil-Property-Process.owl; lineNumber: 1; columnNumber: 1; O conteúdo não é permitido no prólogo.        org.semanticweb.owlapi.rdf.rdfxml.parser.RDFXMLParser.parse(RDFXMLParser.java:76)
        uk.ac.manchester.cs.owl.owlapi.OWLOntologyFactoryImpl.loadOWLOntology(OWLOntologyFactoryImpl.java:220)
        uk.ac.manchester.cs.owl.owlapi.OWLOntologyManagerImpl.actualParse(OWLOntologyManagerImpl.java:1303)
        uk.ac.manchester.cs.owl.owlapi.OWLOntologyManagerImpl.loadOntology(OWLOntologyManagerImpl.java:1243)
        uk.ac.manchester.cs.owl.owlapi.OWLOntologyManagerImpl.loadOntologyFromOntologyDocument(OWLOntologyManagerImpl.java:1186)
        org.protege.editor.owl.model.repository.extractors.LastResortExtractor.getOntologyId(LastResortExtractor.java:21)
        org.protege.editor.owl.model.repository.MasterOntologyIDExtractor.getOntologyId(MasterOntologyIDExtractor.java:26)
        org.protege.editor.owl.ui.ontology.imports.wizard.page.AnticipateOntologyIdPage.checkImport(AnticipateOntologyIdPage.java:109)
        org.protege.editor.owl.ui.ontology.imports.wizard.page.AnticipateOntologyIdPage.lambda$new$0(AnticipateOntologyIdPage.java:44)
        java.base/java.lang.Thread.run(Unknown Source)
O conteúdo não é permitido no prólogo.        java.xml/com.sun.org.apache.xerces.internal.util.ErrorHandlerWrapper.createSAXParseException(Unknown Source)
        java.xml/com.sun.org.apache.xerces.internal.util.ErrorHandlerWrapper.fatalError(Unknown Source)
        java.xml/com.sun.org.apache.xerces.internal.impl.XMLErrorReporter.reportError(Unknown Source)
        java.xml/com.sun.org.apache.xerces.internal.impl.XMLErrorReporter.reportError(Unknown Source)
        java.xml/com.sun.org.apache.xerces.internal.impl.XMLScanner.reportFatalError(Unknown Source)
        java.xml/com.sun.org.apache.xerces.internal.impl.XMLDocumentScannerImpl$PrologDriver.next(Unknown Source)
        java.xml/com.sun.org.apache.xerces.internal.impl.XMLDocumentScannerImpl.next(Unknown Source)
        java.xml/com.sun.org.apache.xerces.internal.impl.XMLNSDocumentScannerImpl.next(Unknown Source)
        java.xml/com.sun.org.apache.xerces.internal.impl.XMLDocumentFragmentScannerImpl.scanDocument(Unknown Source)
        java.xml/com.sun.org.apache.xerces.internal.parsers.XML11Configuration.parse(Unknown Source)


--------------------------------------------------------------------------------
Parser: org.semanticweb.owlapi.owlxml.parser.OWLXMLParser@fab35c2
    Stack trace:
org.xml.sax.SAXParseException; systemId: https://archive.researchdata.leeds.ac.uk/42/5/Soil-Property-Process.owl; lineNumber: 1; columnNumber: 1; O conteúdo não é permitido no prólogo.        org.semanticweb.owlapi.owlxml.parser.OWLXMLParser.parse(OWLXMLParser.java:77)
        uk.ac.manchester.cs.owl.owlapi.OWLOntologyFactoryImpl.loadOWLOntology(OWLOntologyFactoryImpl.java:220)
        uk.ac.manchester.cs.owl.owlapi.OWLOntologyManagerImpl.actualParse(OWLOntologyManagerImpl.java:1303)
        uk.ac.manchester.cs.owl.owlapi.OWLOntologyManagerImpl.loadOntology(OWLOntologyManagerImpl.java:1243)
        uk.ac.manchester.cs.owl.owlapi.OWLOntologyManagerImpl.loadOntologyFromOntologyDocument(OWLOntologyManagerImpl.java:1186)
        org.protege.editor.owl.model.repository.extractors.LastResortExtractor.getOntologyId(LastResortExtractor.java:21)
        org.protege.editor.owl.model.repository.MasterOntologyIDExtractor.getOntologyId(MasterOntologyIDExtractor.java:26)
        org.protege.editor.owl.ui.ontology.imports.wizard.page.AnticipateOntologyIdPage.checkImport(AnticipateOntologyIdPage.java:109)
        org.protege.editor.owl.ui.ontology.imports.wizard.page.AnticipateOntologyIdPage.lambda$new$0(AnticipateOntologyIdPage.java:44)
        java.base/java.lang.Thread.run(Unknown Source)
O conteúdo não é permitido no prólogo.        java.xml/com.sun.org.apache.xerces.internal.util.ErrorHandlerWrapper.createSAXParseException(Unknown Source)
        java.xml/com.sun.org.apache.xerces.internal.util.ErrorHandlerWrapper.fatalError(Unknown Source)
        java.xml/com.sun.org.apache.xerces.internal.impl.XMLErrorReporter.reportError(Unknown Source)
        java.xml/com.sun.org.apache.xerces.internal.impl.XMLErrorReporter.reportError(Unknown Source)
        java.xml/com.sun.org.apache.xerces.internal.impl.XMLScanner.reportFatalError(Unknown Source)
        java.xml/com.sun.org.apache.xerces.internal.impl.XMLDocumentScannerImpl$PrologDriver.next(Unknown Source)
        java.xml/com.sun.org.apache.xerces.internal.impl.XMLDocumentScannerImpl.next(Unknown Source)
        java.xml/com.sun.org.apache.xerces.internal.impl.XMLNSDocumentScannerImpl.next(Unknown Source)
        java.xml/com.sun.org.apache.xerces.internal.impl.XMLDocumentFragmentScannerImpl.scanDocument(Unknown Source)
        java.xml/com.sun.org.apache.xerces.internal.parsers.XML11Configuration.parse(Unknown Source)


--------------------------------------------------------------------------------
Parser: org.semanticweb.owlapi.functional.parser.OWLFunctionalSyntaxOWLParser@588fff00
    Stack trace:
Encountered " <PNAME_NS> "Prefix: "" at line 1, column 1.
Was expecting one of:
    "Ontology" ...
    "Prefix" ...
     (Line 0 column 0)        org.semanticweb.owlapi.functional.parser.OWLFunctionalSyntaxOWLParser.parse(OWLFunctionalSyntaxOWLParser.java:103)
        uk.ac.manchester.cs.owl.owlapi.OWLOntologyFactoryImpl.loadOWLOntology(OWLOntologyFactoryImpl.java:220)
        uk.ac.manchester.cs.owl.owlapi.OWLOntologyManagerImpl.actualParse(OWLOntologyManagerImpl.java:1303)
        uk.ac.manchester.cs.owl.owlapi.OWLOntologyManagerImpl.loadOntology(OWLOntologyManagerImpl.java:1243)
        uk.ac.manchester.cs.owl.owlapi.OWLOntologyManagerImpl.loadOntologyFromOntologyDocument(OWLOntologyManagerImpl.java:1186)
        org.protege.editor.owl.model.repository.extractors.LastResortExtractor.getOntologyId(LastResortExtractor.java:21)
        org.protege.editor.owl.model.repository.MasterOntologyIDExtractor.getOntologyId(MasterOntologyIDExtractor.java:26)
        org.protege.editor.owl.ui.ontology.imports.wizard.page.AnticipateOntologyIdPage.checkImport(AnticipateOntologyIdPage.java:109)
        org.protege.editor.owl.ui.ontology.imports.wizard.page.AnticipateOntologyIdPage.lambda$new$0(AnticipateOntologyIdPage.java:44)
        java.base/java.lang.Thread.run(Unknown Source)
Encountered " <PNAME_NS> "Prefix: "" at line 1, column 1.
Was expecting one of:
    "Ontology" ...
    "Prefix" ...
            org.semanticweb.owlapi.functional.parser.OWLFunctionalSyntaxParser.generateParseException(OWLFunctionalSyntaxParser.java:2617)
        org.semanticweb.owlapi.functional.parser.OWLFunctionalSyntaxParser.jj_consume_token(OWLFunctionalSyntaxParser.java:2543)
        org.semanticweb.owlapi.functional.parser.OWLFunctionalSyntaxParser.Ontology(OWLFunctionalSyntaxParser.java:136)
        org.semanticweb.owlapi.functional.parser.OWLFunctionalSyntaxParser.parse(OWLFunctionalSyntaxParser.java:121)
        org.semanticweb.owlapi.functional.parser.OWLFunctionalSyntaxOWLParser.parse(OWLFunctionalSyntaxOWLParser.java:101)
        uk.ac.manchester.cs.owl.owlapi.OWLOntologyFactoryImpl.loadOWLOntology(OWLOntologyFactoryImpl.java:220)
        uk.ac.manchester.cs.owl.owlapi.OWLOntologyManagerImpl.actualParse(OWLOntologyManagerImpl.java:1303)
        uk.ac.manchester.cs.owl.owlapi.OWLOntologyManagerImpl.loadOntology(OWLOntologyManagerImpl.java:1243)
        uk.ac.manchester.cs.owl.owlapi.OWLOntologyManagerImpl.loadOntologyFromOntologyDocument(OWLOntologyManagerImpl.java:1186)
        org.protege.editor.owl.model.repository.extractors.LastResortExtractor.getOntologyId(LastResortExtractor.java:21)


--------------------------------------------------------------------------------
Parser: org.semanticweb.owlapi.rio.RioParserImpl : org.semanticweb.owlapi.formats.RioTurtleDocumentFormatFactory@95fd655c
    Stack trace:
org.eclipse.rdf4j.rio.RDFParseException: Namespace prefix 'Prefix' used but not defined [line 1]        org.semanticweb.owlapi.rio.RioParserImpl.parse(RioParserImpl.java:189)
        uk.ac.manchester.cs.owl.owlapi.OWLOntologyFactoryImpl.loadOWLOntology(OWLOntologyFactoryImpl.java:220)
        uk.ac.manchester.cs.owl.owlapi.OWLOntologyManagerImpl.actualParse(OWLOntologyManagerImpl.java:1303)
        uk.ac.manchester.cs.owl.owlapi.OWLOntologyManagerImpl.loadOntology(OWLOntologyManagerImpl.java:1243)
        uk.ac.manchester.cs.owl.owlapi.OWLOntologyManagerImpl.loadOntologyFromOntologyDocument(OWLOntologyManagerImpl.java:1186)
        org.protege.editor.owl.model.repository.extractors.LastResortExtractor.getOntologyId(LastResortExtractor.java:21)
        org.protege.editor.owl.model.repository.MasterOntologyIDExtractor.getOntologyId(MasterOntologyIDExtractor.java:26)
        org.protege.editor.owl.ui.ontology.imports.wizard.page.AnticipateOntologyIdPage.checkImport(AnticipateOntologyIdPage.java:109)
        org.protege.editor.owl.ui.ontology.imports.wizard.page.AnticipateOntologyIdPage.lambda$new$0(AnticipateOntologyIdPage.java:44)
        java.base/java.lang.Thread.run(Unknown Source)
Namespace prefix 'Prefix' used but not defined [line 1]        org.eclipse.rdf4j.rio.helpers.RDFParserHelper.reportFatalError(RDFParserHelper.java:340)
        org.eclipse.rdf4j.rio.helpers.AbstractRDFParser.reportFatalError(AbstractRDFParser.java:747)
        org.eclipse.rdf4j.rio.turtle.TurtleParser.reportFatalError(TurtleParser.java:1307)
        org.eclipse.rdf4j.rio.helpers.AbstractRDFParser.getNamespace(AbstractRDFParser.java:345)
        org.eclipse.rdf4j.rio.turtle.TurtleParser.parseQNameOrBoolean(TurtleParser.java:1002)
        org.eclipse.rdf4j.rio.turtle.TurtleParser.parseValue(TurtleParser.java:572)
        org.eclipse.rdf4j.rio.turtle.TurtleParser.parseSubject(TurtleParser.java:396)
        org.eclipse.rdf4j.rio.turtle.TurtleParser.parseTriples(TurtleParser.java:331)
        org.eclipse.rdf4j.rio.turtle.TurtleParser.parseStatement(TurtleParser.java:200)
        org.eclipse.rdf4j.rio.turtle.TurtleParser.parse(TurtleParser.java:162)


--------------------------------------------------------------------------------
Parser: org.semanticweb.owlapi.manchestersyntax.parser.ManchesterOWLSyntaxOntologyParser@7618c325
    Stack trace:
Encountered Annotations: at line 137 column 7. Expected one of:
	Individual:
	AnnotationProperty:
	or
	Datatype:
	DataProperty:
	ObjectProperty:
	DisjointProperties:
	ValuePartition:
	EquivalentClasses:
	Import:
	Prefix:
	DisjointClasses:
	and
	Class:
	SameIndividual:
	DifferentIndividuals:
 (Line 137 column 7)        org.semanticweb.owlapi.manchestersyntax.parser.ManchesterOWLSyntaxOntologyParser.parse(ManchesterOWLSyntaxOntologyParser.java:151)
        uk.ac.manchester.cs.owl.owlapi.OWLOntologyFactoryImpl.loadOWLOntology(OWLOntologyFactoryImpl.java:220)
        uk.ac.manchester.cs.owl.owlapi.OWLOntologyManagerImpl.actualParse(OWLOntologyManagerImpl.java:1303)
        uk.ac.manchester.cs.owl.owlapi.OWLOntologyManagerImpl.loadOntology(OWLOntologyManagerImpl.java:1243)
        uk.ac.manchester.cs.owl.owlapi.OWLOntologyManagerImpl.loadOntologyFromOntologyDocument(OWLOntologyManagerImpl.java:1186)
        org.protege.editor.owl.model.repository.extractors.LastResortExtractor.getOntologyId(LastResortExtractor.java:21)
        org.protege.editor.owl.model.repository.MasterOntologyIDExtractor.getOntologyId(MasterOntologyIDExtractor.java:26)
        org.protege.editor.owl.ui.ontology.imports.wizard.page.AnticipateOntologyIdPage.checkImport(AnticipateOntologyIdPage.java:109)
        org.protege.editor.owl.ui.ontology.imports.wizard.page.AnticipateOntologyIdPage.lambda$new$0(AnticipateOntologyIdPage.java:44)
        java.base/java.lang.Thread.run(Unknown Source)
Encountered Annotations: at line 137 column 7. Expected one of:
	Individual:
	AnnotationProperty:
	or
	Datatype:
	DataProperty:
	ObjectProperty:
	DisjointProperties:
	ValuePartition:
	EquivalentClasses:
	Import:
	Prefix:
	DisjointClasses:
	and
	Class:
	SameIndividual:
	DifferentIndividuals:
        org.semanticweb.owlapi.manchestersyntax.parser.ManchesterOWLSyntaxParserImpl$ExceptionBuilder.build(ManchesterOWLSyntaxParserImpl.java:2632)
        org.semanticweb.owlapi.manchestersyntax.parser.ManchesterOWLSyntaxParserImpl.parseOntology(ManchesterOWLSyntaxParserImpl.java:2417)
        org.semanticweb.owlapi.manchestersyntax.parser.ManchesterOWLSyntaxOntologyParser.parse(ManchesterOWLSyntaxOntologyParser.java:142)
        uk.ac.manchester.cs.owl.owlapi.OWLOntologyFactoryImpl.loadOWLOntology(OWLOntologyFactoryImpl.java:220)
        uk.ac.manchester.cs.owl.owlapi.OWLOntologyManagerImpl.actualParse(OWLOntologyManagerImpl.java:1303)
        uk.ac.manchester.cs.owl.owlapi.OWLOntologyManagerImpl.loadOntology(OWLOntologyManagerImpl.java:1243)
        uk.ac.manchester.cs.owl.owlapi.OWLOntologyManagerImpl.loadOntologyFromOntologyDocument(OWLOntologyManagerImpl.java:1186)
        org.protege.editor.owl.model.repository.extractors.LastResortExtractor.getOntologyId(LastResortExtractor.java:21)
        org.protege.editor.owl.model.repository.MasterOntologyIDExtractor.getOntologyId(MasterOntologyIDExtractor.java:26)
        org.protege.editor.owl.ui.ontology.imports.wizard.page.AnticipateOntologyIdPage.checkImport(AnticipateOntologyIdPage.java:109)


--------------------------------------------------------------------------------
Parser: org.semanticweb.owlapi.rio.RioParserImpl : org.semanticweb.owlapi.formats.NQuadsDocumentFormatFactory@6f9c39ad
    Stack trace:
org.eclipse.rdf4j.rio.RDFParseException: Expected '<' or '_', found: P [line 1, column 80]        org.semanticweb.owlapi.rio.RioParserImpl.parse(RioParserImpl.java:189)
        uk.ac.manchester.cs.owl.owlapi.OWLOntologyFactoryImpl.loadOWLOntology(OWLOntologyFactoryImpl.java:220)
        uk.ac.manchester.cs.owl.owlapi.OWLOntologyManagerImpl.actualParse(OWLOntologyManagerImpl.java:1303)
        uk.ac.manchester.cs.owl.owlapi.OWLOntologyManagerImpl.loadOntology(OWLOntologyManagerImpl.java:1243)
        uk.ac.manchester.cs.owl.owlapi.OWLOntologyManagerImpl.loadOntologyFromOntologyDocument(OWLOntologyManagerImpl.java:1186)
        org.protege.editor.owl.model.repository.extractors.LastResortExtractor.getOntologyId(LastResortExtractor.java:21)
        org.protege.editor.owl.model.repository.MasterOntologyIDExtractor.getOntologyId(MasterOntologyIDExtractor.java:26)
        org.protege.editor.owl.ui.ontology.imports.wizard.page.AnticipateOntologyIdPage.checkImport(AnticipateOntologyIdPage.java:109)
        org.protege.editor.owl.ui.ontology.imports.wizard.page.AnticipateOntologyIdPage.lambda$new$0(AnticipateOntologyIdPage.java:44)
        java.base/java.lang.Thread.run(Unknown Source)
Expected '<' or '_', found: P [line 1, column 80]        org.eclipse.rdf4j.rio.ntriples.NTriplesParser.parseSubject(NTriplesParser.java:190)
        org.eclipse.rdf4j.rio.nquads.NQuadsParser.parseStatement(NQuadsParser.java:48)
        org.eclipse.rdf4j.rio.ntriples.NTriplesParser.parse(NTriplesParser.java:117)
        org.eclipse.rdf4j.rio.ntriples.NTriplesParser.parse(NTriplesParser.java:85)
        org.semanticweb.owlapi.rio.RioParserImpl.parseDocumentSource(RioParserImpl.java:245)
        org.semanticweb.owlapi.rio.RioParserImpl.parse(RioParserImpl.java:185)
        uk.ac.manchester.cs.owl.owlapi.OWLOntologyFactoryImpl.loadOWLOntology(OWLOntologyFactoryImpl.java:220)
        uk.ac.manchester.cs.owl.owlapi.OWLOntologyManagerImpl.actualParse(OWLOntologyManagerImpl.java:1303)
        uk.ac.manchester.cs.owl.owlapi.OWLOntologyManagerImpl.loadOntology(OWLOntologyManagerImpl.java:1243)
        uk.ac.manchester.cs.owl.owlapi.OWLOntologyManagerImpl.loadOntologyFromOntologyDocument(OWLOntologyManagerImpl.java:1186)


--------------------------------------------------------------------------------
Parser: org.semanticweb.owlapi.rio.RioParserImpl : org.semanticweb.owlapi.formats.TrigDocumentFormatFactory@27e81c
    Stack trace:
org.eclipse.rdf4j.rio.RDFParseException: Expected '<', found ':' [line 1]        org.semanticweb.owlapi.rio.RioParserImpl.parse(RioParserImpl.java:189)
        uk.ac.manchester.cs.owl.owlapi.OWLOntologyFactoryImpl.loadOWLOntology(OWLOntologyFactoryImpl.java:220)
        uk.ac.manchester.cs.owl.owlapi.OWLOntologyManagerImpl.actualParse(OWLOntologyManagerImpl.java:1303)
        uk.ac.manchester.cs.owl.owlapi.OWLOntologyManagerImpl.loadOntology(OWLOntologyManagerImpl.java:1243)
        uk.ac.manchester.cs.owl.owlapi.OWLOntologyManagerImpl.loadOntologyFromOntologyDocument(OWLOntologyManagerImpl.java:1186)
        org.protege.editor.owl.model.repository.extractors.LastResortExtractor.getOntologyId(LastResortExtractor.java:21)
        org.protege.editor.owl.model.repository.MasterOntologyIDExtractor.getOntologyId(MasterOntologyIDExtractor.java:26)
        org.protege.editor.owl.ui.ontology.imports.wizard.page.AnticipateOntologyIdPage.checkImport(AnticipateOntologyIdPage.java:109)
        org.protege.editor.owl.ui.ontology.imports.wizard.page.AnticipateOntologyIdPage.lambda$new$0(AnticipateOntologyIdPage.java:44)
        java.base/java.lang.Thread.run(Unknown Source)
Expected '<', found ':' [line 1]        org.eclipse.rdf4j.rio.helpers.RDFParserHelper.reportFatalError(RDFParserHelper.java:340)
        org.eclipse.rdf4j.rio.helpers.AbstractRDFParser.reportFatalError(AbstractRDFParser.java:747)
        org.eclipse.rdf4j.rio.turtle.TurtleParser.reportFatalError(TurtleParser.java:1307)
        org.eclipse.rdf4j.rio.turtle.TurtleParser.verifyCharacterOrFail(TurtleParser.java:1152)
        org.eclipse.rdf4j.rio.turtle.TurtleParser.parseURI(TurtleParser.java:887)
        org.eclipse.rdf4j.rio.turtle.TurtleParser.parsePrefixID(TurtleParser.java:281)
        org.eclipse.rdf4j.rio.turtle.TurtleParser.parseDirective(TurtleParser.java:224)
        org.eclipse.rdf4j.rio.trig.TriGParser.parseStatement(TriGParser.java:92)
        org.eclipse.rdf4j.rio.turtle.TurtleParser.parse(TurtleParser.java:162)
        org.eclipse.rdf4j.rio.turtle.TurtleParser.parse(TurtleParser.java:125)


--------------------------------------------------------------------------------
Parser: org.semanticweb.owlapi.rio.RioParserImpl : org.semanticweb.owlapi.formats.NTriplesDocumentFormatFactory@937ecd36
    Stack trace:
org.eclipse.rdf4j.rio.RDFParseException: Expected '<' or '_', found: P [line 1, column 80]        org.semanticweb.owlapi.rio.RioParserImpl.parse(RioParserImpl.java:189)
        uk.ac.manchester.cs.owl.owlapi.OWLOntologyFactoryImpl.loadOWLOntology(OWLOntologyFactoryImpl.java:220)
        uk.ac.manchester.cs.owl.owlapi.OWLOntologyManagerImpl.actualParse(OWLOntologyManagerImpl.java:1303)
        uk.ac.manchester.cs.owl.owlapi.OWLOntologyManagerImpl.loadOntology(OWLOntologyManagerImpl.java:1243)
        uk.ac.manchester.cs.owl.owlapi.OWLOntologyManagerImpl.loadOntologyFromOntologyDocument(OWLOntologyManagerImpl.java:1186)
        org.protege.editor.owl.model.repository.extractors.LastResortExtractor.getOntologyId(LastResortExtractor.java:21)
        org.protege.editor.owl.model.repository.MasterOntologyIDExtractor.getOntologyId(MasterOntologyIDExtractor.java:26)
        org.protege.editor.owl.ui.ontology.imports.wizard.page.AnticipateOntologyIdPage.checkImport(AnticipateOntologyIdPage.java:109)
        org.protege.editor.owl.ui.ontology.imports.wizard.page.AnticipateOntologyIdPage.lambda$new$0(AnticipateOntologyIdPage.java:44)
        java.base/java.lang.Thread.run(Unknown Source)
Expected '<' or '_', found: P [line 1, column 80]        org.eclipse.rdf4j.rio.ntriples.NTriplesParser.parseSubject(NTriplesParser.java:190)
        org.eclipse.rdf4j.rio.ntriples.NTriplesParser.parseStatement(NTriplesParser.java:135)
        org.eclipse.rdf4j.rio.ntriples.NTriplesParser.parse(NTriplesParser.java:117)
        org.eclipse.rdf4j.rio.ntriples.NTriplesParser.parse(NTriplesParser.java:85)
        org.semanticweb.owlapi.rio.RioParserImpl.parseDocumentSource(RioParserImpl.java:245)
        org.semanticweb.owlapi.rio.RioParserImpl.parse(RioParserImpl.java:185)
        uk.ac.manchester.cs.owl.owlapi.OWLOntologyFactoryImpl.loadOWLOntology(OWLOntologyFactoryImpl.java:220)
        uk.ac.manchester.cs.owl.owlapi.OWLOntologyManagerImpl.actualParse(OWLOntologyManagerImpl.java:1303)
        uk.ac.manchester.cs.owl.owlapi.OWLOntologyManagerImpl.loadOntology(OWLOntologyManagerImpl.java:1243)
        uk.ac.manchester.cs.owl.owlapi.OWLOntologyManagerImpl.loadOntologyFromOntologyDocument(OWLOntologyManagerImpl.java:1186)


--------------------------------------------------------------------------------
Parser: org.semanticweb.owlapi.rio.RioParserImpl : org.semanticweb.owlapi.formats.RDFJsonDocumentFormatFactory@cd748dc3
    Stack trace:
org.eclipse.rdf4j.rio.RDFParseException: Found IOException during parsing [line 1, column 7]        org.semanticweb.owlapi.rio.RioParserImpl.parse(RioParserImpl.java:189)
        uk.ac.manchester.cs.owl.owlapi.OWLOntologyFactoryImpl.loadOWLOntology(OWLOntologyFactoryImpl.java:220)
        uk.ac.manchester.cs.owl.owlapi.OWLOntologyManagerImpl.actualParse(OWLOntologyManagerImpl.java:1303)
        uk.ac.manchester.cs.owl.owlapi.OWLOntologyManagerImpl.loadOntology(OWLOntologyManagerImpl.java:1243)
        uk.ac.manchester.cs.owl.owlapi.OWLOntologyManagerImpl.loadOntologyFromOntologyDocument(OWLOntologyManagerImpl.java:1186)
        org.protege.editor.owl.model.repository.extractors.LastResortExtractor.getOntologyId(LastResortExtractor.java:21)
        org.protege.editor.owl.model.repository.MasterOntologyIDExtractor.getOntologyId(MasterOntologyIDExtractor.java:26)
        org.protege.editor.owl.ui.ontology.imports.wizard.page.AnticipateOntologyIdPage.checkImport(AnticipateOntologyIdPage.java:109)
        org.protege.editor.owl.ui.ontology.imports.wizard.page.AnticipateOntologyIdPage.lambda$new$0(AnticipateOntologyIdPage.java:44)
        java.base/java.lang.Thread.run(Unknown Source)
Found IOException during parsing [line 1, column 7]        org.eclipse.rdf4j.rio.helpers.RDFParserHelper.reportFatalError(RDFParserHelper.java:393)
        org.eclipse.rdf4j.rio.helpers.AbstractRDFParser.reportFatalError(AbstractRDFParser.java:783)
        org.eclipse.rdf4j.rio.rdfjson.RDFJSONParser.reportFatalError(RDFJSONParser.java:133)
        org.eclipse.rdf4j.rio.rdfjson.RDFJSONParser.parse(RDFJSONParser.java:86)
        org.semanticweb.owlapi.rio.RioParserImpl.parseDocumentSource(RioParserImpl.java:245)
        org.semanticweb.owlapi.rio.RioParserImpl.parse(RioParserImpl.java:185)
        uk.ac.manchester.cs.owl.owlapi.OWLOntologyFactoryImpl.loadOWLOntology(OWLOntologyFactoryImpl.java:220)
        uk.ac.manchester.cs.owl.owlapi.OWLOntologyManagerImpl.actualParse(OWLOntologyManagerImpl.java:1303)
        uk.ac.manchester.cs.owl.owlapi.OWLOntologyManagerImpl.loadOntology(OWLOntologyManagerImpl.java:1243)
        uk.ac.manchester.cs.owl.owlapi.OWLOntologyManagerImpl.loadOntologyFromOntologyDocument(OWLOntologyManagerImpl.java:1186)
Unrecognized token 'Prefix': was expecting (JSON String, Number, Array, Object or token 'null', 'true' or 'false')
 at [Source: REDACTED (`StreamReadFeature.INCLUDE_SOURCE_IN_LOCATION` disabled); line: 1, column: 7]        com.fasterxml.jackson.core.JsonParser._constructError(JsonParser.java:2481)
        com.fasterxml.jackson.core.base.ParserMinimalBase._reportError(ParserMinimalBase.java:762)
        com.fasterxml.jackson.core.json.ReaderBasedJsonParser._reportInvalidToken(ReaderBasedJsonParser.java:3042)
        com.fasterxml.jackson.core.json.ReaderBasedJsonParser._handleOddValue(ReaderBasedJsonParser.java:2085)
        com.fasterxml.jackson.core.json.ReaderBasedJsonParser.nextToken(ReaderBasedJsonParser.java:812)
        org.eclipse.rdf4j.rio.rdfjson.RDFJSONParser.rdfJsonToHandlerInternal(RDFJSONParser.java:177)
        org.eclipse.rdf4j.rio.rdfjson.RDFJSONParser.parse(RDFJSONParser.java:83)
        org.semanticweb.owlapi.rio.RioParserImpl.parseDocumentSource(RioParserImpl.java:245)
        org.semanticweb.owlapi.rio.RioParserImpl.parse(RioParserImpl.java:185)
        uk.ac.manchester.cs.owl.owlapi.OWLOntologyFactoryImpl.loadOWLOntology(OWLOntologyFactoryImpl.java:220)


--------------------------------------------------------------------------------
Parser: org.semanticweb.owlapi.rio.RioParserImpl : org.semanticweb.owlapi.formats.BinaryRDFDocumentFormatFactory@3bf24493
    Stack trace:
org.eclipse.rdf4j.rio.RDFParseException: File does not contain a binary RDF document        org.semanticweb.owlapi.rio.RioParserImpl.parse(RioParserImpl.java:189)
        uk.ac.manchester.cs.owl.owlapi.OWLOntologyFactoryImpl.loadOWLOntology(OWLOntologyFactoryImpl.java:220)
        uk.ac.manchester.cs.owl.owlapi.OWLOntologyManagerImpl.actualParse(OWLOntologyManagerImpl.java:1303)
        uk.ac.manchester.cs.owl.owlapi.OWLOntologyManagerImpl.loadOntology(OWLOntologyManagerImpl.java:1243)
        uk.ac.manchester.cs.owl.owlapi.OWLOntologyManagerImpl.loadOntologyFromOntologyDocument(OWLOntologyManagerImpl.java:1186)
        org.protege.editor.owl.model.repository.extractors.LastResortExtractor.getOntologyId(LastResortExtractor.java:21)
        org.protege.editor.owl.model.repository.MasterOntologyIDExtractor.getOntologyId(MasterOntologyIDExtractor.java:26)
        org.protege.editor.owl.ui.ontology.imports.wizard.page.AnticipateOntologyIdPage.checkImport(AnticipateOntologyIdPage.java:109)
        org.protege.editor.owl.ui.ontology.imports.wizard.page.AnticipateOntologyIdPage.lambda$new$0(AnticipateOntologyIdPage.java:44)
        java.base/java.lang.Thread.run(Unknown Source)
File does not contain a binary RDF document        org.eclipse.rdf4j.rio.helpers.RDFParserHelper.reportFatalError(RDFParserHelper.java:340)
        org.eclipse.rdf4j.rio.helpers.RDFParserHelper.reportFatalError(RDFParserHelper.java:327)
        org.eclipse.rdf4j.rio.helpers.AbstractRDFParser.reportFatalError(AbstractRDFParser.java:739)
        org.eclipse.rdf4j.rio.binary.BinaryRDFParser.parse(BinaryRDFParser.java:80)
        org.semanticweb.owlapi.rio.RioParserImpl.parseDocumentSource(RioParserImpl.java:245)
        org.semanticweb.owlapi.rio.RioParserImpl.parse(RioParserImpl.java:185)
        uk.ac.manchester.cs.owl.owlapi.OWLOntologyFactoryImpl.loadOWLOntology(OWLOntologyFactoryImpl.java:220)
        uk.ac.manchester.cs.owl.owlapi.OWLOntologyManagerImpl.actualParse(OWLOntologyManagerImpl.java:1303)
        uk.ac.manchester.cs.owl.owlapi.OWLOntologyManagerImpl.loadOntology(OWLOntologyManagerImpl.java:1243)
        uk.ac.manchester.cs.owl.owlapi.OWLOntologyManagerImpl.loadOntologyFromOntologyDocument(OWLOntologyManagerImpl.java:1186)


--------------------------------------------------------------------------------
Parser: org.semanticweb.owlapi.rio.RioParserImpl : org.semanticweb.owlapi.formats.RDFJsonLDDocumentFormatFactory@dcacc47d
    Stack trace:
org.eclipse.rdf4j.rio.RDFParseException: Could not parse JSONLD [line 1, column 8]        org.semanticweb.owlapi.rio.RioParserImpl.parse(RioParserImpl.java:189)
        uk.ac.manchester.cs.owl.owlapi.OWLOntologyFactoryImpl.loadOWLOntology(OWLOntologyFactoryImpl.java:220)
        uk.ac.manchester.cs.owl.owlapi.OWLOntologyManagerImpl.actualParse(OWLOntologyManagerImpl.java:1303)
        uk.ac.manchester.cs.owl.owlapi.OWLOntologyManagerImpl.loadOntology(OWLOntologyManagerImpl.java:1243)
        uk.ac.manchester.cs.owl.owlapi.OWLOntologyManagerImpl.loadOntologyFromOntologyDocument(OWLOntologyManagerImpl.java:1186)
        org.protege.editor.owl.model.repository.extractors.LastResortExtractor.getOntologyId(LastResortExtractor.java:21)
        org.protege.editor.owl.model.repository.MasterOntologyIDExtractor.getOntologyId(MasterOntologyIDExtractor.java:26)
        org.protege.editor.owl.ui.ontology.imports.wizard.page.AnticipateOntologyIdPage.checkImport(AnticipateOntologyIdPage.java:109)
        org.protege.editor.owl.ui.ontology.imports.wizard.page.AnticipateOntologyIdPage.lambda$new$0(AnticipateOntologyIdPage.java:44)
        java.base/java.lang.Thread.run(Unknown Source)
Could not parse JSONLD [line 1, column 8]        org.eclipse.rdf4j.rio.jsonld.JSONLDParser.parse(JSONLDParser.java:133)
        org.eclipse.rdf4j.rio.jsonld.JSONLDParser.parse(JSONLDParser.java:91)
        org.semanticweb.owlapi.rio.RioParserImpl.parseDocumentSource(RioParserImpl.java:245)
        org.semanticweb.owlapi.rio.RioParserImpl.parse(RioParserImpl.java:185)
        uk.ac.manchester.cs.owl.owlapi.OWLOntologyFactoryImpl.loadOWLOntology(OWLOntologyFactoryImpl.java:220)
        uk.ac.manchester.cs.owl.owlapi.OWLOntologyManagerImpl.actualParse(OWLOntologyManagerImpl.java:1303)
        uk.ac.manchester.cs.owl.owlapi.OWLOntologyManagerImpl.loadOntology(OWLOntologyManagerImpl.java:1243)
        uk.ac.manchester.cs.owl.owlapi.OWLOntologyManagerImpl.loadOntologyFromOntologyDocument(OWLOntologyManagerImpl.java:1186)
        org.protege.editor.owl.model.repository.extractors.LastResortExtractor.getOntologyId(LastResortExtractor.java:21)
        org.protege.editor.owl.model.repository.MasterOntologyIDExtractor.getOntologyId(MasterOntologyIDExtractor.java:26)
Unrecognized token 'Prefix': was expecting (JSON String, Number, Array, Object or token 'null', 'true' or 'false')
 at [Source: REDACTED (`StreamReadFeature.INCLUDE_SOURCE_IN_LOCATION` disabled); line: 1, column: 8]        com.fasterxml.jackson.core.JsonParser._constructError(JsonParser.java:2481)
        com.fasterxml.jackson.core.base.ParserMinimalBase._reportError(ParserMinimalBase.java:762)
        com.fasterxml.jackson.core.json.UTF8StreamJsonParser._reportInvalidToken(UTF8StreamJsonParser.java:3703)
        com.fasterxml.jackson.core.json.UTF8StreamJsonParser._handleUnexpectedValue(UTF8StreamJsonParser.java:2791)
        com.fasterxml.jackson.core.json.UTF8StreamJsonParser._nextTokenNotInObject(UTF8StreamJsonParser.java:911)
        com.fasterxml.jackson.core.json.UTF8StreamJsonParser.nextToken(UTF8StreamJsonParser.java:797)
        com.github.jsonldjava.utils.JsonUtils.fromJsonParser(JsonUtils.java:202)
        org.eclipse.rdf4j.rio.jsonld.JSONLDParser.getJSONObject(JSONLDParser.java:146)
        org.eclipse.rdf4j.rio.jsonld.JSONLDParser.parse(JSONLDParser.java:126)
        org.eclipse.rdf4j.rio.jsonld.JSONLDParser.parse(JSONLDParser.java:91)


--------------------------------------------------------------------------------
Parser: org.semanticweb.owlapi.rio.RioParserImpl : org.semanticweb.owlapi.formats.RioRDFXMLDocumentFormatFactory@69b9a3bc
    Stack trace:
org.eclipse.rdf4j.rio.RDFParseException: O conteúdo não é permitido no prólogo. [line 1, column 1]        org.semanticweb.owlapi.rio.RioParserImpl.parse(RioParserImpl.java:189)
        uk.ac.manchester.cs.owl.owlapi.OWLOntologyFactoryImpl.loadOWLOntology(OWLOntologyFactoryImpl.java:220)
        uk.ac.manchester.cs.owl.owlapi.OWLOntologyManagerImpl.actualParse(OWLOntologyManagerImpl.java:1303)
        uk.ac.manchester.cs.owl.owlapi.OWLOntologyManagerImpl.loadOntology(OWLOntologyManagerImpl.java:1243)
        uk.ac.manchester.cs.owl.owlapi.OWLOntologyManagerImpl.loadOntologyFromOntologyDocument(OWLOntologyManagerImpl.java:1186)
        org.protege.editor.owl.model.repository.extractors.LastResortExtractor.getOntologyId(LastResortExtractor.java:21)
        org.protege.editor.owl.model.repository.MasterOntologyIDExtractor.getOntologyId(MasterOntologyIDExtractor.java:26)
        org.protege.editor.owl.ui.ontology.imports.wizard.page.AnticipateOntologyIdPage.checkImport(AnticipateOntologyIdPage.java:109)
        org.protege.editor.owl.ui.ontology.imports.wizard.page.AnticipateOntologyIdPage.lambda$new$0(AnticipateOntologyIdPage.java:44)
        java.base/java.lang.Thread.run(Unknown Source)
O conteúdo não é permitido no prólogo. [line 1, column 1]        org.eclipse.rdf4j.rio.helpers.RDFParserHelper.reportFatalError(RDFParserHelper.java:373)
        org.eclipse.rdf4j.rio.helpers.AbstractRDFParser.reportFatalError(AbstractRDFParser.java:772)
        org.eclipse.rdf4j.rio.rdfxml.RDFXMLParser.reportFatalError(RDFXMLParser.java:1017)
        org.eclipse.rdf4j.rio.rdfxml.RDFXMLParser.fatalError(RDFXMLParser.java:1148)
        java.xml/com.sun.org.apache.xerces.internal.util.ErrorHandlerWrapper.fatalError(Unknown Source)
        java.xml/com.sun.org.apache.xerces.internal.impl.XMLErrorReporter.reportError(Unknown Source)
        java.xml/com.sun.org.apache.xerces.internal.impl.XMLErrorReporter.reportError(Unknown Source)
        java.xml/com.sun.org.apache.xerces.internal.impl.XMLScanner.reportFatalError(Unknown Source)
        java.xml/com.sun.org.apache.xerces.internal.impl.XMLDocumentScannerImpl$PrologDriver.next(Unknown Source)
        java.xml/com.sun.org.apache.xerces.internal.impl.XMLDocumentScannerImpl.next(Unknown Source)
O conteúdo não é permitido no prólogo.        java.xml/com.sun.org.apache.xerces.internal.util.ErrorHandlerWrapper.createSAXParseException(Unknown Source)
        java.xml/com.sun.org.apache.xerces.internal.util.ErrorHandlerWrapper.fatalError(Unknown Source)
        java.xml/com.sun.org.apache.xerces.internal.impl.XMLErrorReporter.reportError(Unknown Source)
        java.xml/com.sun.org.apache.xerces.internal.impl.XMLErrorReporter.reportError(Unknown Source)
        java.xml/com.sun.org.apache.xerces.internal.impl.XMLScanner.reportFatalError(Unknown Source)
        java.xml/com.sun.org.apache.xerces.internal.impl.XMLDocumentScannerImpl$PrologDriver.next(Unknown Source)
        java.xml/com.sun.org.apache.xerces.internal.impl.XMLDocumentScannerImpl.next(Unknown Source)
        java.xml/com.sun.org.apache.xerces.internal.impl.XMLNSDocumentScannerImpl.next(Unknown Source)
        java.xml/com.sun.org.apache.xerces.internal.impl.XMLDocumentFragmentScannerImpl.scanDocument(Unknown Source)
        java.xml/com.sun.org.apache.xerces.internal.parsers.XML11Configuration.parse(Unknown Source)


--------------------------------------------------------------------------------
Parser: org.semanticweb.owlapi.rio.RioParserImpl : org.semanticweb.owlapi.formats.N3DocumentFormatFactory@9a5
    Stack trace:
org.eclipse.rdf4j.rio.RDFParseException: Namespace prefix 'Prefix' used but not defined [line 1]        org.semanticweb.owlapi.rio.RioParserImpl.parse(RioParserImpl.java:189)
        uk.ac.manchester.cs.owl.owlapi.OWLOntologyFactoryImpl.loadOWLOntology(OWLOntologyFactoryImpl.java:220)
        uk.ac.manchester.cs.owl.owlapi.OWLOntologyManagerImpl.actualParse(OWLOntologyManagerImpl.java:1303)
        uk.ac.manchester.cs.owl.owlapi.OWLOntologyManagerImpl.loadOntology(OWLOntologyManagerImpl.java:1243)
        uk.ac.manchester.cs.owl.owlapi.OWLOntologyManagerImpl.loadOntologyFromOntologyDocument(OWLOntologyManagerImpl.java:1186)
        org.protege.editor.owl.model.repository.extractors.LastResortExtractor.getOntologyId(LastResortExtractor.java:21)
        org.protege.editor.owl.model.repository.MasterOntologyIDExtractor.getOntologyId(MasterOntologyIDExtractor.java:26)
        org.protege.editor.owl.ui.ontology.imports.wizard.page.AnticipateOntologyIdPage.checkImport(AnticipateOntologyIdPage.java:109)
        org.protege.editor.owl.ui.ontology.imports.wizard.page.AnticipateOntologyIdPage.lambda$new$0(AnticipateOntologyIdPage.java:44)
        java.base/java.lang.Thread.run(Unknown Source)
Namespace prefix 'Prefix' used but not defined [line 1]        org.eclipse.rdf4j.rio.helpers.RDFParserHelper.reportFatalError(RDFParserHelper.java:340)
        org.eclipse.rdf4j.rio.helpers.AbstractRDFParser.reportFatalError(AbstractRDFParser.java:747)
        org.eclipse.rdf4j.rio.turtle.TurtleParser.reportFatalError(TurtleParser.java:1307)
        org.eclipse.rdf4j.rio.helpers.AbstractRDFParser.getNamespace(AbstractRDFParser.java:345)
        org.eclipse.rdf4j.rio.turtle.TurtleParser.parseQNameOrBoolean(TurtleParser.java:1002)
        org.eclipse.rdf4j.rio.turtle.TurtleParser.parseValue(TurtleParser.java:572)
        org.eclipse.rdf4j.rio.turtle.TurtleParser.parseSubject(TurtleParser.java:396)
        org.eclipse.rdf4j.rio.turtle.TurtleParser.parseTriples(TurtleParser.java:331)
        org.eclipse.rdf4j.rio.turtle.TurtleParser.parseStatement(TurtleParser.java:200)
        org.eclipse.rdf4j.rio.turtle.TurtleParser.parse(TurtleParser.java:162)


--------------------------------------------------------------------------------
Parser: org.semanticweb.owlapi.rdf.turtle.parser.TurtleOntologyParser@629d12e4
    Stack trace:
org.semanticweb.owlapi.rdf.turtle.parser.ParseException: Prefix not declared: Prefix:        org.semanticweb.owlapi.rdf.turtle.parser.TurtleOntologyParser.parse(TurtleOntologyParser.java:114)
        uk.ac.manchester.cs.owl.owlapi.OWLOntologyFactoryImpl.loadOWLOntology(OWLOntologyFactoryImpl.java:220)
        uk.ac.manchester.cs.owl.owlapi.OWLOntologyManagerImpl.actualParse(OWLOntologyManagerImpl.java:1303)
        uk.ac.manchester.cs.owl.owlapi.OWLOntologyManagerImpl.loadOntology(OWLOntologyManagerImpl.java:1243)
        uk.ac.manchester.cs.owl.owlapi.OWLOntologyManagerImpl.loadOntologyFromOntologyDocument(OWLOntologyManagerImpl.java:1186)
        org.protege.editor.owl.model.repository.extractors.LastResortExtractor.getOntologyId(LastResortExtractor.java:21)
        org.protege.editor.owl.model.repository.MasterOntologyIDExtractor.getOntologyId(MasterOntologyIDExtractor.java:26)
        org.protege.editor.owl.ui.ontology.imports.wizard.page.AnticipateOntologyIdPage.checkImport(AnticipateOntologyIdPage.java:109)
        org.protege.editor.owl.ui.ontology.imports.wizard.page.AnticipateOntologyIdPage.lambda$new$0(AnticipateOntologyIdPage.java:44)
        java.base/java.lang.Thread.run(Unknown Source)
Prefix not declared: Prefix:        org.semanticweb.owlapi.rdf.turtle.parser.TurtleParser.getIRIFromQName(TurtleParser.java:118)
        org.semanticweb.owlapi.rdf.turtle.parser.TurtleParser.parseLoneNS(TurtleParser.java:225)
        org.semanticweb.owlapi.rdf.turtle.parser.TurtleParser.parseResource(TurtleParser.java:326)
        org.semanticweb.owlapi.rdf.turtle.parser.TurtleParser.parseSubject(TurtleParser.java:212)
        org.semanticweb.owlapi.rdf.turtle.parser.TurtleParser.parseTriples(TurtleParser.java:202)
        org.semanticweb.owlapi.rdf.turtle.parser.TurtleParser.parseStatement(TurtleParser.java:198)
        org.semanticweb.owlapi.rdf.turtle.parser.TurtleParser.parseDocument(TurtleParser.java:152)
        org.semanticweb.owlapi.rdf.turtle.parser.TurtleOntologyParser.parse(TurtleOntologyParser.java:107)
        uk.ac.manchester.cs.owl.owlapi.OWLOntologyFactoryImpl.loadOWLOntology(OWLOntologyFactoryImpl.java:220)
        uk.ac.manchester.cs.owl.owlapi.OWLOntologyManagerImpl.actualParse(OWLOntologyManagerImpl.java:1303)


--------------------------------------------------------------------------------
Parser: org.semanticweb.owlapi.oboformat.OBOFormatOWLAPIParser@1896b263
    Stack trace:
LINENO: 16 - Expected at least one white space, but found end of line at pos: 12
LINE: Annotations:        org.semanticweb.owlapi.oboformat.OBOFormatOWLAPIParser.parse(OBOFormatOWLAPIParser.java:109)
        uk.ac.manchester.cs.owl.owlapi.OWLOntologyFactoryImpl.loadOWLOntology(OWLOntologyFactoryImpl.java:220)
        uk.ac.manchester.cs.owl.owlapi.OWLOntologyManagerImpl.actualParse(OWLOntologyManagerImpl.java:1303)
        uk.ac.manchester.cs.owl.owlapi.OWLOntologyManagerImpl.loadOntology(OWLOntologyManagerImpl.java:1243)
        uk.ac.manchester.cs.owl.owlapi.OWLOntologyManagerImpl.loadOntologyFromOntologyDocument(OWLOntologyManagerImpl.java:1186)
        org.protege.editor.owl.model.repository.extractors.LastResortExtractor.getOntologyId(LastResortExtractor.java:21)
        org.protege.editor.owl.model.repository.MasterOntologyIDExtractor.getOntologyId(MasterOntologyIDExtractor.java:26)
        org.protege.editor.owl.ui.ontology.imports.wizard.page.AnticipateOntologyIdPage.checkImport(AnticipateOntologyIdPage.java:109)
        org.protege.editor.owl.ui.ontology.imports.wizard.page.AnticipateOntologyIdPage.lambda$new$0(AnticipateOntologyIdPage.java:44)
        java.base/java.lang.Thread.run(Unknown Source)
LINENO: 16 - Expected at least one white space, but found end of line at pos: 12
LINE: Annotations:        org.obolibrary.oboformat.parser.OBOFormatParser.error(OBOFormatParser.java:1338)
        org.obolibrary.oboformat.parser.OBOFormatParser.parseWs(OBOFormatParser.java:1216)
        org.obolibrary.oboformat.parser.OBOFormatParser.getParseTag(OBOFormatParser.java:752)
        org.obolibrary.oboformat.parser.OBOFormatParser.parseHeaderClause(OBOFormatParser.java:425)
        org.obolibrary.oboformat.parser.OBOFormatParser.parseHeaderClauseNl(OBOFormatParser.java:418)
        org.obolibrary.oboformat.parser.OBOFormatParser.parseHeaderFrame(OBOFormatParser.java:401)
        org.obolibrary.oboformat.parser.OBOFormatParser.parseOBODoc(OBOFormatParser.java:283)
        org.obolibrary.oboformat.parser.OBOFormatParser.parse(OBOFormatParser.java:248)
        org.semanticweb.owlapi.oboformat.OBOFormatOWLAPIParser.parse(OBOFormatOWLAPIParser.java:91)
        uk.ac.manchester.cs.owl.owlapi.OWLOntologyFactoryImpl.loadOWLOntology(OWLOntologyFactoryImpl.java:220)


--------------------------------------------------------------------------------
Parser: org.semanticweb.owlapi.krss2.parser.KRSS2OWLParser@c8cbe73
    Stack trace:
org.semanticweb.owlapi.krss2.parser.ParseException: Encountered " <NAME> "Prefix: "" at line 1, column 1.
Was expecting:
    <EOF> 
            org.semanticweb.owlapi.krss2.parser.KRSS2OWLParser.parse(KRSS2OWLParser.java:297)
        uk.ac.manchester.cs.owl.owlapi.OWLOntologyFactoryImpl.loadOWLOntology(OWLOntologyFactoryImpl.java:220)
        uk.ac.manchester.cs.owl.owlapi.OWLOntologyManagerImpl.actualParse(OWLOntologyManagerImpl.java:1303)
        uk.ac.manchester.cs.owl.owlapi.OWLOntologyManagerImpl.loadOntology(OWLOntologyManagerImpl.java:1243)
        uk.ac.manchester.cs.owl.owlapi.OWLOntologyManagerImpl.loadOntologyFromOntologyDocument(OWLOntologyManagerImpl.java:1186)
        org.protege.editor.owl.model.repository.extractors.LastResortExtractor.getOntologyId(LastResortExtractor.java:21)
        org.protege.editor.owl.model.repository.MasterOntologyIDExtractor.getOntologyId(MasterOntologyIDExtractor.java:26)
        org.protege.editor.owl.ui.ontology.imports.wizard.page.AnticipateOntologyIdPage.checkImport(AnticipateOntologyIdPage.java:109)
        org.protege.editor.owl.ui.ontology.imports.wizard.page.AnticipateOntologyIdPage.lambda$new$0(AnticipateOntologyIdPage.java:44)
        java.base/java.lang.Thread.run(Unknown Source)
Encountered " <NAME> "Prefix: "" at line 1, column 1.
Was expecting:
    <EOF> 
            org.semanticweb.owlapi.krss2.parser.KRSS2Parser.generateParseException(KRSS2Parser.java:3187)
        org.semanticweb.owlapi.krss2.parser.KRSS2Parser.jj_consume_token(KRSS2Parser.java:3040)
        org.semanticweb.owlapi.krss2.parser.KRSS2Parser.parse(KRSS2Parser.java:141)
        org.semanticweb.owlapi.krss2.parser.KRSS2OWLParser.parse(KRSS2OWLParser.java:294)
        uk.ac.manchester.cs.owl.owlapi.OWLOntologyFactoryImpl.loadOWLOntology(OWLOntologyFactoryImpl.java:220)
        uk.ac.manchester.cs.owl.owlapi.OWLOntologyManagerImpl.actualParse(OWLOntologyManagerImpl.java:1303)
        uk.ac.manchester.cs.owl.owlapi.OWLOntologyManagerImpl.loadOntology(OWLOntologyManagerImpl.java:1243)
        uk.ac.manchester.cs.owl.owlapi.OWLOntologyManagerImpl.loadOntologyFromOntologyDocument(OWLOntologyManagerImpl.java:1186)
        org.protege.editor.owl.model.repository.extractors.LastResortExtractor.getOntologyId(LastResortExtractor.java:21)
        org.protege.editor.owl.model.repository.MasterOntologyIDExtractor.getOntologyId(MasterOntologyIDExtractor.java:26)


--------------------------------------------------------------------------------
Parser: org.semanticweb.owlapi.rio.RioParserImpl : org.semanticweb.owlapi.formats.RDFaDocumentFormatFactory@264e8d
    Stack trace:
org.eclipse.rdf4j.rio.UnsupportedRDFormatException: Did not recognise RDF format object RDFa (mimeTypes=application/xhtml+xml, application/html, text/html; ext=xhtml, html)        org.semanticweb.owlapi.rio.RioParserImpl.parse(RioParserImpl.java:200)
        uk.ac.manchester.cs.owl.owlapi.OWLOntologyFactoryImpl.loadOWLOntology(OWLOntologyFactoryImpl.java:220)
        uk.ac.manchester.cs.owl.owlapi.OWLOntologyManagerImpl.actualParse(OWLOntologyManagerImpl.java:1303)
        uk.ac.manchester.cs.owl.owlapi.OWLOntologyManagerImpl.loadOntology(OWLOntologyManagerImpl.java:1243)
        uk.ac.manchester.cs.owl.owlapi.OWLOntologyManagerImpl.loadOntologyFromOntologyDocument(OWLOntologyManagerImpl.java:1186)
        org.protege.editor.owl.model.repository.extractors.LastResortExtractor.getOntologyId(LastResortExtractor.java:21)
        org.protege.editor.owl.model.repository.MasterOntologyIDExtractor.getOntologyId(MasterOntologyIDExtractor.java:26)
        org.protege.editor.owl.ui.ontology.imports.wizard.page.AnticipateOntologyIdPage.checkImport(AnticipateOntologyIdPage.java:109)
        org.protege.editor.owl.ui.ontology.imports.wizard.page.AnticipateOntologyIdPage.lambda$new$0(AnticipateOntologyIdPage.java:44)
        java.base/java.lang.Thread.run(Unknown Source)
Did not recognise RDF format object RDFa (mimeTypes=application/xhtml+xml, application/html, text/html; ext=xhtml, html)        org.eclipse.rdf4j.rio.Rio.lambda$unsupportedFormat$0(Rio.java:690)
        java.base/java.util.Optional.orElseThrow(Unknown Source)
        org.eclipse.rdf4j.rio.Rio.createParser(Rio.java:96)
        org.semanticweb.owlapi.rio.RioParserImpl.parseDocumentSource(RioParserImpl.java:225)
        org.semanticweb.owlapi.rio.RioParserImpl.parse(RioParserImpl.java:185)
        uk.ac.manchester.cs.owl.owlapi.OWLOntologyFactoryImpl.loadOWLOntology(OWLOntologyFactoryImpl.java:220)
        uk.ac.manchester.cs.owl.owlapi.OWLOntologyManagerImpl.actualParse(OWLOntologyManagerImpl.java:1303)
        uk.ac.manchester.cs.owl.owlapi.OWLOntologyManagerImpl.loadOntology(OWLOntologyManagerImpl.java:1243)
        uk.ac.manchester.cs.owl.owlapi.OWLOntologyManagerImpl.loadOntologyFromOntologyDocument(OWLOntologyManagerImpl.java:1186)
        org.protege.editor.owl.model.repository.extractors.LastResortExtractor.getOntologyId(LastResortExtractor.java:21)



	at uk.ac.manchester.cs.owl.owlapi.OWLOntologyFactoryImpl.loadOWLOntology(OWLOntologyFactoryImpl.java:257)
	at uk.ac.manchester.cs.owl.owlapi.OWLOntologyManagerImpl.actualParse(OWLOntologyManagerImpl.java:1303)
	at uk.ac.manchester.cs.owl.owlapi.OWLOntologyManagerImpl.loadOntology(OWLOntologyManagerImpl.java:1243)
	at uk.ac.manchester.cs.owl.owlapi.OWLOntologyManagerImpl.loadOntologyFromOntologyDocument(OWLOntologyManagerImpl.java:1186)
	at org.protege.editor.owl.model.repository.extractors.LastResortExtractor.getOntologyId(LastResortExtractor.java:21)
	at org.protege.editor.owl.model.repository.MasterOntologyIDExtractor.getOntologyId(MasterOntologyIDExtractor.java:26)
	at org.protege.editor.owl.ui.ontology.imports.wizard.page.AnticipateOntologyIdPage.checkImport(AnticipateOntologyIdPage.java:109)
	at org.protege.editor.owl.ui.ontology.imports.wizard.page.AnticipateOntologyIdPage.lambda$new$0(AnticipateOntologyIdPage.java:44)
	at java.base/java.lang.Thread.run(Unknown Source)
2026-06-25 14:08:38.491 [Thread-2] ERROR AnticipateOntologyIdPage    An error occurred whilst extracting the Ontology Id from the imported ontology: {}
java.lang.NullPointerException: null
	at org.protege.editor.owl.model.repository.MasterOntologyIDExtractor.getOntologyId(MasterOntologyIDExtractor.java:27)
	at org.protege.editor.owl.ui.ontology.imports.wizard.page.AnticipateOntologyIdPage.checkImport(AnticipateOntologyIdPage.java:109)
	at org.protege.editor.owl.ui.ontology.imports.wizard.page.AnticipateOntologyIdPage.lambda$new$0(AnticipateOntologyIdPage.java:44)
	at java.base/java.lang.Thread.run(Unknown Source)
2026-06-25 14:08:42.347 [pool-10-thread-1] INFO  AddImportsStrategy    -------------------- Importing ontology and imports closure --------------------
2026-06-25 14:09:46.951 [Thread-3] INFO  LastResortExtractor    Exception caught trying to get ontology id for https://archive.researchdata.leeds.ac.uk/42/5/Soil-Property-Process.owl
org.semanticweb.owlapi.io.UnparsableOntologyException: Problem parsing https://archive.researchdata.leeds.ac.uk/42/5/Soil-Property-Process.owl
Could not parse ontology.  Either a suitable parser could not be found, or parsing failed.  See parser logs below for explanation.
The following parsers were tried:
1) org.semanticweb.owlapi.rdf.rdfxml.parser.RDFXMLParser@3858554e
2) org.semanticweb.owlapi.owlxml.parser.OWLXMLParser@ec44a36
3) org.semanticweb.owlapi.functional.parser.OWLFunctionalSyntaxOWLParser@6582fa81
4) org.semanticweb.owlapi.rio.RioParserImpl : org.semanticweb.owlapi.formats.RioTurtleDocumentFormatFactory@95fd655c
5) org.semanticweb.owlapi.manchestersyntax.parser.ManchesterOWLSyntaxOntologyParser@e766c0
6) org.semanticweb.owlapi.rio.RioParserImpl : org.semanticweb.owlapi.formats.NQuadsDocumentFormatFactory@6f9c39ad
7) org.semanticweb.owlapi.rio.RioParserImpl : org.semanticweb.owlapi.formats.TrigDocumentFormatFactory@27e81c
8) org.semanticweb.owlapi.rio.RioParserImpl : org.semanticweb.owlapi.formats.RDFJsonDocumentFormatFactory@cd748dc3
9) org.semanticweb.owlapi.rio.RioParserImpl : org.semanticweb.owlapi.formats.NTriplesDocumentFormatFactory@937ecd36
10) org.semanticweb.owlapi.rio.RioParserImpl : org.semanticweb.owlapi.formats.BinaryRDFDocumentFormatFactory@3bf24493
11) org.semanticweb.owlapi.rio.RioParserImpl : org.semanticweb.owlapi.formats.RDFJsonLDDocumentFormatFactory@dcacc47d
12) org.semanticweb.owlapi.rio.RioParserImpl : org.semanticweb.owlapi.formats.N3DocumentFormatFactory@9a5
13) org.semanticweb.owlapi.rio.RioParserImpl : org.semanticweb.owlapi.formats.RioRDFXMLDocumentFormatFactory@69b9a3bc
14) org.semanticweb.owlapi.rdf.turtle.parser.TurtleOntologyParser@43c8e616
15) org.semanticweb.owlapi.oboformat.OBOFormatOWLAPIParser@30299d8f
16) org.semanticweb.owlapi.krss2.parser.KRSS2OWLParser@7d64a0be
17) org.semanticweb.owlapi.rio.RioParserImpl : org.semanticweb.owlapi.formats.RDFaDocumentFormatFactory@264e8d


Detailed logs:
--------------------------------------------------------------------------------
Parser: org.semanticweb.owlapi.rdf.rdfxml.parser.RDFXMLParser@3858554e
    Stack trace:
org.xml.sax.SAXParseException; systemId: https://archive.researchdata.leeds.ac.uk/42/5/Soil-Property-Process.owl; lineNumber: 1; columnNumber: 1; O conteúdo não é permitido no prólogo.        org.semanticweb.owlapi.rdf.rdfxml.parser.RDFXMLParser.parse(RDFXMLParser.java:76)
        uk.ac.manchester.cs.owl.owlapi.OWLOntologyFactoryImpl.loadOWLOntology(OWLOntologyFactoryImpl.java:220)
        uk.ac.manchester.cs.owl.owlapi.OWLOntologyManagerImpl.actualParse(OWLOntologyManagerImpl.java:1303)
        uk.ac.manchester.cs.owl.owlapi.OWLOntologyManagerImpl.loadOntology(OWLOntologyManagerImpl.java:1243)
        uk.ac.manchester.cs.owl.owlapi.OWLOntologyManagerImpl.loadOntologyFromOntologyDocument(OWLOntologyManagerImpl.java:1186)
        org.protege.editor.owl.model.repository.extractors.LastResortExtractor.getOntologyId(LastResortExtractor.java:21)
        org.protege.editor.owl.model.repository.MasterOntologyIDExtractor.getOntologyId(MasterOntologyIDExtractor.java:26)
        org.protege.editor.owl.ui.ontology.imports.wizard.page.AnticipateOntologyIdPage.checkImport(AnticipateOntologyIdPage.java:109)
        org.protege.editor.owl.ui.ontology.imports.wizard.page.AnticipateOntologyIdPage.lambda$new$0(AnticipateOntologyIdPage.java:44)
        java.base/java.lang.Thread.run(Unknown Source)
O conteúdo não é permitido no prólogo.        java.xml/com.sun.org.apache.xerces.internal.util.ErrorHandlerWrapper.createSAXParseException(Unknown Source)
        java.xml/com.sun.org.apache.xerces.internal.util.ErrorHandlerWrapper.fatalError(Unknown Source)
        java.xml/com.sun.org.apache.xerces.internal.impl.XMLErrorReporter.reportError(Unknown Source)
        java.xml/com.sun.org.apache.xerces.internal.impl.XMLErrorReporter.reportError(Unknown Source)
        java.xml/com.sun.org.apache.xerces.internal.impl.XMLScanner.reportFatalError(Unknown Source)
        java.xml/com.sun.org.apache.xerces.internal.impl.XMLDocumentScannerImpl$PrologDriver.next(Unknown Source)
        java.xml/com.sun.org.apache.xerces.internal.impl.XMLDocumentScannerImpl.next(Unknown Source)
        java.xml/com.sun.org.apache.xerces.internal.impl.XMLNSDocumentScannerImpl.next(Unknown Source)
        java.xml/com.sun.org.apache.xerces.internal.impl.XMLDocumentFragmentScannerImpl.scanDocument(Unknown Source)
        java.xml/com.sun.org.apache.xerces.internal.parsers.XML11Configuration.parse(Unknown Source)


--------------------------------------------------------------------------------
Parser: org.semanticweb.owlapi.owlxml.parser.OWLXMLParser@ec44a36
    Stack trace:
org.xml.sax.SAXParseException; systemId: https://archive.researchdata.leeds.ac.uk/42/5/Soil-Property-Process.owl; lineNumber: 1; columnNumber: 1; O conteúdo não é permitido no prólogo.        org.semanticweb.owlapi.owlxml.parser.OWLXMLParser.parse(OWLXMLParser.java:77)
        uk.ac.manchester.cs.owl.owlapi.OWLOntologyFactoryImpl.loadOWLOntology(OWLOntologyFactoryImpl.java:220)
        uk.ac.manchester.cs.owl.owlapi.OWLOntologyManagerImpl.actualParse(OWLOntologyManagerImpl.java:1303)
        uk.ac.manchester.cs.owl.owlapi.OWLOntologyManagerImpl.loadOntology(OWLOntologyManagerImpl.java:1243)
        uk.ac.manchester.cs.owl.owlapi.OWLOntologyManagerImpl.loadOntologyFromOntologyDocument(OWLOntologyManagerImpl.java:1186)
        org.protege.editor.owl.model.repository.extractors.LastResortExtractor.getOntologyId(LastResortExtractor.java:21)
        org.protege.editor.owl.model.repository.MasterOntologyIDExtractor.getOntologyId(MasterOntologyIDExtractor.java:26)
        org.protege.editor.owl.ui.ontology.imports.wizard.page.AnticipateOntologyIdPage.checkImport(AnticipateOntologyIdPage.java:109)
        org.protege.editor.owl.ui.ontology.imports.wizard.page.AnticipateOntologyIdPage.lambda$new$0(AnticipateOntologyIdPage.java:44)
        java.base/java.lang.Thread.run(Unknown Source)
O conteúdo não é permitido no prólogo.        java.xml/com.sun.org.apache.xerces.internal.util.ErrorHandlerWrapper.createSAXParseException(Unknown Source)
        java.xml/com.sun.org.apache.xerces.internal.util.ErrorHandlerWrapper.fatalError(Unknown Source)
        java.xml/com.sun.org.apache.xerces.internal.impl.XMLErrorReporter.reportError(Unknown Source)
        java.xml/com.sun.org.apache.xerces.internal.impl.XMLErrorReporter.reportError(Unknown Source)
        java.xml/com.sun.org.apache.xerces.internal.impl.XMLScanner.reportFatalError(Unknown Source)
        java.xml/com.sun.org.apache.xerces.internal.impl.XMLDocumentScannerImpl$PrologDriver.next(Unknown Source)
        java.xml/com.sun.org.apache.xerces.internal.impl.XMLDocumentScannerImpl.next(Unknown Source)
        java.xml/com.sun.org.apache.xerces.internal.impl.XMLNSDocumentScannerImpl.next(Unknown Source)
        java.xml/com.sun.org.apache.xerces.internal.impl.XMLDocumentFragmentScannerImpl.scanDocument(Unknown Source)
        java.xml/com.sun.org.apache.xerces.internal.parsers.XML11Configuration.parse(Unknown Source)


--------------------------------------------------------------------------------
Parser: org.semanticweb.owlapi.functional.parser.OWLFunctionalSyntaxOWLParser@6582fa81
    Stack trace:
Encountered " <PNAME_NS> "Prefix: "" at line 1, column 1.
Was expecting one of:
    "Ontology" ...
    "Prefix" ...
     (Line 0 column 0)        org.semanticweb.owlapi.functional.parser.OWLFunctionalSyntaxOWLParser.parse(OWLFunctionalSyntaxOWLParser.java:103)
        uk.ac.manchester.cs.owl.owlapi.OWLOntologyFactoryImpl.loadOWLOntology(OWLOntologyFactoryImpl.java:220)
        uk.ac.manchester.cs.owl.owlapi.OWLOntologyManagerImpl.actualParse(OWLOntologyManagerImpl.java:1303)
        uk.ac.manchester.cs.owl.owlapi.OWLOntologyManagerImpl.loadOntology(OWLOntologyManagerImpl.java:1243)
        uk.ac.manchester.cs.owl.owlapi.OWLOntologyManagerImpl.loadOntologyFromOntologyDocument(OWLOntologyManagerImpl.java:1186)
        org.protege.editor.owl.model.repository.extractors.LastResortExtractor.getOntologyId(LastResortExtractor.java:21)
        org.protege.editor.owl.model.repository.MasterOntologyIDExtractor.getOntologyId(MasterOntologyIDExtractor.java:26)
        org.protege.editor.owl.ui.ontology.imports.wizard.page.AnticipateOntologyIdPage.checkImport(AnticipateOntologyIdPage.java:109)
        org.protege.editor.owl.ui.ontology.imports.wizard.page.AnticipateOntologyIdPage.lambda$new$0(AnticipateOntologyIdPage.java:44)
        java.base/java.lang.Thread.run(Unknown Source)
Encountered " <PNAME_NS> "Prefix: "" at line 1, column 1.
Was expecting one of:
    "Ontology" ...
    "Prefix" ...
            org.semanticweb.owlapi.functional.parser.OWLFunctionalSyntaxParser.generateParseException(OWLFunctionalSyntaxParser.java:2617)
        org.semanticweb.owlapi.functional.parser.OWLFunctionalSyntaxParser.jj_consume_token(OWLFunctionalSyntaxParser.java:2543)
        org.semanticweb.owlapi.functional.parser.OWLFunctionalSyntaxParser.Ontology(OWLFunctionalSyntaxParser.java:136)
        org.semanticweb.owlapi.functional.parser.OWLFunctionalSyntaxParser.parse(OWLFunctionalSyntaxParser.java:121)
        org.semanticweb.owlapi.functional.parser.OWLFunctionalSyntaxOWLParser.parse(OWLFunctionalSyntaxOWLParser.java:101)
        uk.ac.manchester.cs.owl.owlapi.OWLOntologyFactoryImpl.loadOWLOntology(OWLOntologyFactoryImpl.java:220)
        uk.ac.manchester.cs.owl.owlapi.OWLOntologyManagerImpl.actualParse(OWLOntologyManagerImpl.java:1303)
        uk.ac.manchester.cs.owl.owlapi.OWLOntologyManagerImpl.loadOntology(OWLOntologyManagerImpl.java:1243)
        uk.ac.manchester.cs.owl.owlapi.OWLOntologyManagerImpl.loadOntologyFromOntologyDocument(OWLOntologyManagerImpl.java:1186)
        org.protege.editor.owl.model.repository.extractors.LastResortExtractor.getOntologyId(LastResortExtractor.java:21)


--------------------------------------------------------------------------------
Parser: org.semanticweb.owlapi.rio.RioParserImpl : org.semanticweb.owlapi.formats.RioTurtleDocumentFormatFactory@95fd655c
    Stack trace:
org.eclipse.rdf4j.rio.RDFParseException: Namespace prefix 'Prefix' used but not defined [line 1]        org.semanticweb.owlapi.rio.RioParserImpl.parse(RioParserImpl.java:189)
        uk.ac.manchester.cs.owl.owlapi.OWLOntologyFactoryImpl.loadOWLOntology(OWLOntologyFactoryImpl.java:220)
        uk.ac.manchester.cs.owl.owlapi.OWLOntologyManagerImpl.actualParse(OWLOntologyManagerImpl.java:1303)
        uk.ac.manchester.cs.owl.owlapi.OWLOntologyManagerImpl.loadOntology(OWLOntologyManagerImpl.java:1243)
        uk.ac.manchester.cs.owl.owlapi.OWLOntologyManagerImpl.loadOntologyFromOntologyDocument(OWLOntologyManagerImpl.java:1186)
        org.protege.editor.owl.model.repository.extractors.LastResortExtractor.getOntologyId(LastResortExtractor.java:21)
        org.protege.editor.owl.model.repository.MasterOntologyIDExtractor.getOntologyId(MasterOntologyIDExtractor.java:26)
        org.protege.editor.owl.ui.ontology.imports.wizard.page.AnticipateOntologyIdPage.checkImport(AnticipateOntologyIdPage.java:109)
        org.protege.editor.owl.ui.ontology.imports.wizard.page.AnticipateOntologyIdPage.lambda$new$0(AnticipateOntologyIdPage.java:44)
        java.base/java.lang.Thread.run(Unknown Source)
Namespace prefix 'Prefix' used but not defined [line 1]        org.eclipse.rdf4j.rio.helpers.RDFParserHelper.reportFatalError(RDFParserHelper.java:340)
        org.eclipse.rdf4j.rio.helpers.AbstractRDFParser.reportFatalError(AbstractRDFParser.java:747)
        org.eclipse.rdf4j.rio.turtle.TurtleParser.reportFatalError(TurtleParser.java:1307)
        org.eclipse.rdf4j.rio.helpers.AbstractRDFParser.getNamespace(AbstractRDFParser.java:345)
        org.eclipse.rdf4j.rio.turtle.TurtleParser.parseQNameOrBoolean(TurtleParser.java:1002)
        org.eclipse.rdf4j.rio.turtle.TurtleParser.parseValue(TurtleParser.java:572)
        org.eclipse.rdf4j.rio.turtle.TurtleParser.parseSubject(TurtleParser.java:396)
        org.eclipse.rdf4j.rio.turtle.TurtleParser.parseTriples(TurtleParser.java:331)
        org.eclipse.rdf4j.rio.turtle.TurtleParser.parseStatement(TurtleParser.java:200)
        org.eclipse.rdf4j.rio.turtle.TurtleParser.parse(TurtleParser.java:162)


--------------------------------------------------------------------------------
Parser: org.semanticweb.owlapi.manchestersyntax.parser.ManchesterOWLSyntaxOntologyParser@e766c0
    Stack trace:
Encountered Annotations: at line 137 column 7. Expected one of:
	Individual:
	AnnotationProperty:
	or
	Datatype:
	DataProperty:
	ObjectProperty:
	DisjointProperties:
	ValuePartition:
	EquivalentClasses:
	Import:
	Prefix:
	DisjointClasses:
	and
	Class:
	SameIndividual:
	DifferentIndividuals:
 (Line 137 column 7)        org.semanticweb.owlapi.manchestersyntax.parser.ManchesterOWLSyntaxOntologyParser.parse(ManchesterOWLSyntaxOntologyParser.java:151)
        uk.ac.manchester.cs.owl.owlapi.OWLOntologyFactoryImpl.loadOWLOntology(OWLOntologyFactoryImpl.java:220)
        uk.ac.manchester.cs.owl.owlapi.OWLOntologyManagerImpl.actualParse(OWLOntologyManagerImpl.java:1303)
        uk.ac.manchester.cs.owl.owlapi.OWLOntologyManagerImpl.loadOntology(OWLOntologyManagerImpl.java:1243)
        uk.ac.manchester.cs.owl.owlapi.OWLOntologyManagerImpl.loadOntologyFromOntologyDocument(OWLOntologyManagerImpl.java:1186)
        org.protege.editor.owl.model.repository.extractors.LastResortExtractor.getOntologyId(LastResortExtractor.java:21)
        org.protege.editor.owl.model.repository.MasterOntologyIDExtractor.getOntologyId(MasterOntologyIDExtractor.java:26)
        org.protege.editor.owl.ui.ontology.imports.wizard.page.AnticipateOntologyIdPage.checkImport(AnticipateOntologyIdPage.java:109)
        org.protege.editor.owl.ui.ontology.imports.wizard.page.AnticipateOntologyIdPage.lambda$new$0(AnticipateOntologyIdPage.java:44)
        java.base/java.lang.Thread.run(Unknown Source)
Encountered Annotations: at line 137 column 7. Expected one of:
	Individual:
	AnnotationProperty:
	or
	Datatype:
	DataProperty:
	ObjectProperty:
	DisjointProperties:
	ValuePartition:
	EquivalentClasses:
	Import:
	Prefix:
	DisjointClasses:
	and
	Class:
	SameIndividual:
	DifferentIndividuals:
        org.semanticweb.owlapi.manchestersyntax.parser.ManchesterOWLSyntaxParserImpl$ExceptionBuilder.build(ManchesterOWLSyntaxParserImpl.java:2632)
        org.semanticweb.owlapi.manchestersyntax.parser.ManchesterOWLSyntaxParserImpl.parseOntology(ManchesterOWLSyntaxParserImpl.java:2417)
        org.semanticweb.owlapi.manchestersyntax.parser.ManchesterOWLSyntaxOntologyParser.parse(ManchesterOWLSyntaxOntologyParser.java:142)
        uk.ac.manchester.cs.owl.owlapi.OWLOntologyFactoryImpl.loadOWLOntology(OWLOntologyFactoryImpl.java:220)
        uk.ac.manchester.cs.owl.owlapi.OWLOntologyManagerImpl.actualParse(OWLOntologyManagerImpl.java:1303)
        uk.ac.manchester.cs.owl.owlapi.OWLOntologyManagerImpl.loadOntology(OWLOntologyManagerImpl.java:1243)
        uk.ac.manchester.cs.owl.owlapi.OWLOntologyManagerImpl.loadOntologyFromOntologyDocument(OWLOntologyManagerImpl.java:1186)
        org.protege.editor.owl.model.repository.extractors.LastResortExtractor.getOntologyId(LastResortExtractor.java:21)
        org.protege.editor.owl.model.repository.MasterOntologyIDExtractor.getOntologyId(MasterOntologyIDExtractor.java:26)
        org.protege.editor.owl.ui.ontology.imports.wizard.page.AnticipateOntologyIdPage.checkImport(AnticipateOntologyIdPage.java:109)


--------------------------------------------------------------------------------
Parser: org.semanticweb.owlapi.rio.RioParserImpl : org.semanticweb.owlapi.formats.NQuadsDocumentFormatFactory@6f9c39ad
    Stack trace:
org.eclipse.rdf4j.rio.RDFParseException: Expected '<' or '_', found: P [line 1, column 80]        org.semanticweb.owlapi.rio.RioParserImpl.parse(RioParserImpl.java:189)
        uk.ac.manchester.cs.owl.owlapi.OWLOntologyFactoryImpl.loadOWLOntology(OWLOntologyFactoryImpl.java:220)
        uk.ac.manchester.cs.owl.owlapi.OWLOntologyManagerImpl.actualParse(OWLOntologyManagerImpl.java:1303)
        uk.ac.manchester.cs.owl.owlapi.OWLOntologyManagerImpl.loadOntology(OWLOntologyManagerImpl.java:1243)
        uk.ac.manchester.cs.owl.owlapi.OWLOntologyManagerImpl.loadOntologyFromOntologyDocument(OWLOntologyManagerImpl.java:1186)
        org.protege.editor.owl.model.repository.extractors.LastResortExtractor.getOntologyId(LastResortExtractor.java:21)
        org.protege.editor.owl.model.repository.MasterOntologyIDExtractor.getOntologyId(MasterOntologyIDExtractor.java:26)
        org.protege.editor.owl.ui.ontology.imports.wizard.page.AnticipateOntologyIdPage.checkImport(AnticipateOntologyIdPage.java:109)
        org.protege.editor.owl.ui.ontology.imports.wizard.page.AnticipateOntologyIdPage.lambda$new$0(AnticipateOntologyIdPage.java:44)
        java.base/java.lang.Thread.run(Unknown Source)
Expected '<' or '_', found: P [line 1, column 80]        org.eclipse.rdf4j.rio.ntriples.NTriplesParser.parseSubject(NTriplesParser.java:190)
        org.eclipse.rdf4j.rio.nquads.NQuadsParser.parseStatement(NQuadsParser.java:48)
        org.eclipse.rdf4j.rio.ntriples.NTriplesParser.parse(NTriplesParser.java:117)
        org.eclipse.rdf4j.rio.ntriples.NTriplesParser.parse(NTriplesParser.java:85)
        org.semanticweb.owlapi.rio.RioParserImpl.parseDocumentSource(RioParserImpl.java:245)
        org.semanticweb.owlapi.rio.RioParserImpl.parse(RioParserImpl.java:185)
        uk.ac.manchester.cs.owl.owlapi.OWLOntologyFactoryImpl.loadOWLOntology(OWLOntologyFactoryImpl.java:220)
        uk.ac.manchester.cs.owl.owlapi.OWLOntologyManagerImpl.actualParse(OWLOntologyManagerImpl.java:1303)
        uk.ac.manchester.cs.owl.owlapi.OWLOntologyManagerImpl.loadOntology(OWLOntologyManagerImpl.java:1243)
        uk.ac.manchester.cs.owl.owlapi.OWLOntologyManagerImpl.loadOntologyFromOntologyDocument(OWLOntologyManagerImpl.java:1186)


--------------------------------------------------------------------------------
Parser: org.semanticweb.owlapi.rio.RioParserImpl : org.semanticweb.owlapi.formats.TrigDocumentFormatFactory@27e81c
    Stack trace:
org.eclipse.rdf4j.rio.RDFParseException: Expected '<', found ':' [line 1]        org.semanticweb.owlapi.rio.RioParserImpl.parse(RioParserImpl.java:189)
        uk.ac.manchester.cs.owl.owlapi.OWLOntologyFactoryImpl.loadOWLOntology(OWLOntologyFactoryImpl.java:220)
        uk.ac.manchester.cs.owl.owlapi.OWLOntologyManagerImpl.actualParse(OWLOntologyManagerImpl.java:1303)
        uk.ac.manchester.cs.owl.owlapi.OWLOntologyManagerImpl.loadOntology(OWLOntologyManagerImpl.java:1243)
        uk.ac.manchester.cs.owl.owlapi.OWLOntologyManagerImpl.loadOntologyFromOntologyDocument(OWLOntologyManagerImpl.java:1186)
        org.protege.editor.owl.model.repository.extractors.LastResortExtractor.getOntologyId(LastResortExtractor.java:21)
        org.protege.editor.owl.model.repository.MasterOntologyIDExtractor.getOntologyId(MasterOntologyIDExtractor.java:26)
        org.protege.editor.owl.ui.ontology.imports.wizard.page.AnticipateOntologyIdPage.checkImport(AnticipateOntologyIdPage.java:109)
        org.protege.editor.owl.ui.ontology.imports.wizard.page.AnticipateOntologyIdPage.lambda$new$0(AnticipateOntologyIdPage.java:44)
        java.base/java.lang.Thread.run(Unknown Source)
Expected '<', found ':' [line 1]        org.eclipse.rdf4j.rio.helpers.RDFParserHelper.reportFatalError(RDFParserHelper.java:340)
        org.eclipse.rdf4j.rio.helpers.AbstractRDFParser.reportFatalError(AbstractRDFParser.java:747)
        org.eclipse.rdf4j.rio.turtle.TurtleParser.reportFatalError(TurtleParser.java:1307)
        org.eclipse.rdf4j.rio.turtle.TurtleParser.verifyCharacterOrFail(TurtleParser.java:1152)
        org.eclipse.rdf4j.rio.turtle.TurtleParser.parseURI(TurtleParser.java:887)
        org.eclipse.rdf4j.rio.turtle.TurtleParser.parsePrefixID(TurtleParser.java:281)
        org.eclipse.rdf4j.rio.turtle.TurtleParser.parseDirective(TurtleParser.java:224)
        org.eclipse.rdf4j.rio.trig.TriGParser.parseStatement(TriGParser.java:92)
        org.eclipse.rdf4j.rio.turtle.TurtleParser.parse(TurtleParser.java:162)
        org.eclipse.rdf4j.rio.turtle.TurtleParser.parse(TurtleParser.java:125)


--------------------------------------------------------------------------------
Parser: org.semanticweb.owlapi.rio.RioParserImpl : org.semanticweb.owlapi.formats.RDFJsonDocumentFormatFactory@cd748dc3
    Stack trace:
org.eclipse.rdf4j.rio.RDFParseException: Found IOException during parsing [line 1, column 7]        org.semanticweb.owlapi.rio.RioParserImpl.parse(RioParserImpl.java:189)
        uk.ac.manchester.cs.owl.owlapi.OWLOntologyFactoryImpl.loadOWLOntology(OWLOntologyFactoryImpl.java:220)
        uk.ac.manchester.cs.owl.owlapi.OWLOntologyManagerImpl.actualParse(OWLOntologyManagerImpl.java:1303)
        uk.ac.manchester.cs.owl.owlapi.OWLOntologyManagerImpl.loadOntology(OWLOntologyManagerImpl.java:1243)
        uk.ac.manchester.cs.owl.owlapi.OWLOntologyManagerImpl.loadOntologyFromOntologyDocument(OWLOntologyManagerImpl.java:1186)
        org.protege.editor.owl.model.repository.extractors.LastResortExtractor.getOntologyId(LastResortExtractor.java:21)
        org.protege.editor.owl.model.repository.MasterOntologyIDExtractor.getOntologyId(MasterOntologyIDExtractor.java:26)
        org.protege.editor.owl.ui.ontology.imports.wizard.page.AnticipateOntologyIdPage.checkImport(AnticipateOntologyIdPage.java:109)
        org.protege.editor.owl.ui.ontology.imports.wizard.page.AnticipateOntologyIdPage.lambda$new$0(AnticipateOntologyIdPage.java:44)
        java.base/java.lang.Thread.run(Unknown Source)
Found IOException during parsing [line 1, column 7]        org.eclipse.rdf4j.rio.helpers.RDFParserHelper.reportFatalError(RDFParserHelper.java:393)
        org.eclipse.rdf4j.rio.helpers.AbstractRDFParser.reportFatalError(AbstractRDFParser.java:783)
        org.eclipse.rdf4j.rio.rdfjson.RDFJSONParser.reportFatalError(RDFJSONParser.java:133)
        org.eclipse.rdf4j.rio.rdfjson.RDFJSONParser.parse(RDFJSONParser.java:86)
        org.semanticweb.owlapi.rio.RioParserImpl.parseDocumentSource(RioParserImpl.java:245)
        org.semanticweb.owlapi.rio.RioParserImpl.parse(RioParserImpl.java:185)
        uk.ac.manchester.cs.owl.owlapi.OWLOntologyFactoryImpl.loadOWLOntology(OWLOntologyFactoryImpl.java:220)
        uk.ac.manchester.cs.owl.owlapi.OWLOntologyManagerImpl.actualParse(OWLOntologyManagerImpl.java:1303)
        uk.ac.manchester.cs.owl.owlapi.OWLOntologyManagerImpl.loadOntology(OWLOntologyManagerImpl.java:1243)
        uk.ac.manchester.cs.owl.owlapi.OWLOntologyManagerImpl.loadOntologyFromOntologyDocument(OWLOntologyManagerImpl.java:1186)
Unrecognized token 'Prefix': was expecting (JSON String, Number, Array, Object or token 'null', 'true' or 'false')
 at [Source: REDACTED (`StreamReadFeature.INCLUDE_SOURCE_IN_LOCATION` disabled); line: 1, column: 7]        com.fasterxml.jackson.core.JsonParser._constructError(JsonParser.java:2481)
        com.fasterxml.jackson.core.base.ParserMinimalBase._reportError(ParserMinimalBase.java:762)
        com.fasterxml.jackson.core.json.ReaderBasedJsonParser._reportInvalidToken(ReaderBasedJsonParser.java:3042)
        com.fasterxml.jackson.core.json.ReaderBasedJsonParser._handleOddValue(ReaderBasedJsonParser.java:2085)
        com.fasterxml.jackson.core.json.ReaderBasedJsonParser.nextToken(ReaderBasedJsonParser.java:812)
        org.eclipse.rdf4j.rio.rdfjson.RDFJSONParser.rdfJsonToHandlerInternal(RDFJSONParser.java:177)
        org.eclipse.rdf4j.rio.rdfjson.RDFJSONParser.parse(RDFJSONParser.java:83)
        org.semanticweb.owlapi.rio.RioParserImpl.parseDocumentSource(RioParserImpl.java:245)
        org.semanticweb.owlapi.rio.RioParserImpl.parse(RioParserImpl.java:185)
        uk.ac.manchester.cs.owl.owlapi.OWLOntologyFactoryImpl.loadOWLOntology(OWLOntologyFactoryImpl.java:220)


--------------------------------------------------------------------------------
Parser: org.semanticweb.owlapi.rio.RioParserImpl : org.semanticweb.owlapi.formats.NTriplesDocumentFormatFactory@937ecd36
    Stack trace:
org.eclipse.rdf4j.rio.RDFParseException: Expected '<' or '_', found: P [line 1, column 80]        org.semanticweb.owlapi.rio.RioParserImpl.parse(RioParserImpl.java:189)
        uk.ac.manchester.cs.owl.owlapi.OWLOntologyFactoryImpl.loadOWLOntology(OWLOntologyFactoryImpl.java:220)
        uk.ac.manchester.cs.owl.owlapi.OWLOntologyManagerImpl.actualParse(OWLOntologyManagerImpl.java:1303)
        uk.ac.manchester.cs.owl.owlapi.OWLOntologyManagerImpl.loadOntology(OWLOntologyManagerImpl.java:1243)
        uk.ac.manchester.cs.owl.owlapi.OWLOntologyManagerImpl.loadOntologyFromOntologyDocument(OWLOntologyManagerImpl.java:1186)
        org.protege.editor.owl.model.repository.extractors.LastResortExtractor.getOntologyId(LastResortExtractor.java:21)
        org.protege.editor.owl.model.repository.MasterOntologyIDExtractor.getOntologyId(MasterOntologyIDExtractor.java:26)
        org.protege.editor.owl.ui.ontology.imports.wizard.page.AnticipateOntologyIdPage.checkImport(AnticipateOntologyIdPage.java:109)
        org.protege.editor.owl.ui.ontology.imports.wizard.page.AnticipateOntologyIdPage.lambda$new$0(AnticipateOntologyIdPage.java:44)
        java.base/java.lang.Thread.run(Unknown Source)
Expected '<' or '_', found: P [line 1, column 80]        org.eclipse.rdf4j.rio.ntriples.NTriplesParser.parseSubject(NTriplesParser.java:190)
        org.eclipse.rdf4j.rio.ntriples.NTriplesParser.parseStatement(NTriplesParser.java:135)
        org.eclipse.rdf4j.rio.ntriples.NTriplesParser.parse(NTriplesParser.java:117)
        org.eclipse.rdf4j.rio.ntriples.NTriplesParser.parse(NTriplesParser.java:85)
        org.semanticweb.owlapi.rio.RioParserImpl.parseDocumentSource(RioParserImpl.java:245)
        org.semanticweb.owlapi.rio.RioParserImpl.parse(RioParserImpl.java:185)
        uk.ac.manchester.cs.owl.owlapi.OWLOntologyFactoryImpl.loadOWLOntology(OWLOntologyFactoryImpl.java:220)
        uk.ac.manchester.cs.owl.owlapi.OWLOntologyManagerImpl.actualParse(OWLOntologyManagerImpl.java:1303)
        uk.ac.manchester.cs.owl.owlapi.OWLOntologyManagerImpl.loadOntology(OWLOntologyManagerImpl.java:1243)
        uk.ac.manchester.cs.owl.owlapi.OWLOntologyManagerImpl.loadOntologyFromOntologyDocument(OWLOntologyManagerImpl.java:1186)


--------------------------------------------------------------------------------
Parser: org.semanticweb.owlapi.rio.RioParserImpl : org.semanticweb.owlapi.formats.BinaryRDFDocumentFormatFactory@3bf24493
    Stack trace:
org.eclipse.rdf4j.rio.RDFParseException: File does not contain a binary RDF document        org.semanticweb.owlapi.rio.RioParserImpl.parse(RioParserImpl.java:189)
        uk.ac.manchester.cs.owl.owlapi.OWLOntologyFactoryImpl.loadOWLOntology(OWLOntologyFactoryImpl.java:220)
        uk.ac.manchester.cs.owl.owlapi.OWLOntologyManagerImpl.actualParse(OWLOntologyManagerImpl.java:1303)
        uk.ac.manchester.cs.owl.owlapi.OWLOntologyManagerImpl.loadOntology(OWLOntologyManagerImpl.java:1243)
        uk.ac.manchester.cs.owl.owlapi.OWLOntologyManagerImpl.loadOntologyFromOntologyDocument(OWLOntologyManagerImpl.java:1186)
        org.protege.editor.owl.model.repository.extractors.LastResortExtractor.getOntologyId(LastResortExtractor.java:21)
        org.protege.editor.owl.model.repository.MasterOntologyIDExtractor.getOntologyId(MasterOntologyIDExtractor.java:26)
        org.protege.editor.owl.ui.ontology.imports.wizard.page.AnticipateOntologyIdPage.checkImport(AnticipateOntologyIdPage.java:109)
        org.protege.editor.owl.ui.ontology.imports.wizard.page.AnticipateOntologyIdPage.lambda$new$0(AnticipateOntologyIdPage.java:44)
        java.base/java.lang.Thread.run(Unknown Source)
File does not contain a binary RDF document        org.eclipse.rdf4j.rio.helpers.RDFParserHelper.reportFatalError(RDFParserHelper.java:340)
        org.eclipse.rdf4j.rio.helpers.RDFParserHelper.reportFatalError(RDFParserHelper.java:327)
        org.eclipse.rdf4j.rio.helpers.AbstractRDFParser.reportFatalError(AbstractRDFParser.java:739)
        org.eclipse.rdf4j.rio.binary.BinaryRDFParser.parse(BinaryRDFParser.java:80)
        org.semanticweb.owlapi.rio.RioParserImpl.parseDocumentSource(RioParserImpl.java:245)
        org.semanticweb.owlapi.rio.RioParserImpl.parse(RioParserImpl.java:185)
        uk.ac.manchester.cs.owl.owlapi.OWLOntologyFactoryImpl.loadOWLOntology(OWLOntologyFactoryImpl.java:220)
        uk.ac.manchester.cs.owl.owlapi.OWLOntologyManagerImpl.actualParse(OWLOntologyManagerImpl.java:1303)
        uk.ac.manchester.cs.owl.owlapi.OWLOntologyManagerImpl.loadOntology(OWLOntologyManagerImpl.java:1243)
        uk.ac.manchester.cs.owl.owlapi.OWLOntologyManagerImpl.loadOntologyFromOntologyDocument(OWLOntologyManagerImpl.java:1186)


--------------------------------------------------------------------------------
Parser: org.semanticweb.owlapi.rio.RioParserImpl : org.semanticweb.owlapi.formats.RDFJsonLDDocumentFormatFactory@dcacc47d
    Stack trace:
org.eclipse.rdf4j.rio.RDFParseException: Could not parse JSONLD [line 1, column 8]        org.semanticweb.owlapi.rio.RioParserImpl.parse(RioParserImpl.java:189)
        uk.ac.manchester.cs.owl.owlapi.OWLOntologyFactoryImpl.loadOWLOntology(OWLOntologyFactoryImpl.java:220)
        uk.ac.manchester.cs.owl.owlapi.OWLOntologyManagerImpl.actualParse(OWLOntologyManagerImpl.java:1303)
        uk.ac.manchester.cs.owl.owlapi.OWLOntologyManagerImpl.loadOntology(OWLOntologyManagerImpl.java:1243)
        uk.ac.manchester.cs.owl.owlapi.OWLOntologyManagerImpl.loadOntologyFromOntologyDocument(OWLOntologyManagerImpl.java:1186)
        org.protege.editor.owl.model.repository.extractors.LastResortExtractor.getOntologyId(LastResortExtractor.java:21)
        org.protege.editor.owl.model.repository.MasterOntologyIDExtractor.getOntologyId(MasterOntologyIDExtractor.java:26)
        org.protege.editor.owl.ui.ontology.imports.wizard.page.AnticipateOntologyIdPage.checkImport(AnticipateOntologyIdPage.java:109)
        org.protege.editor.owl.ui.ontology.imports.wizard.page.AnticipateOntologyIdPage.lambda$new$0(AnticipateOntologyIdPage.java:44)
        java.base/java.lang.Thread.run(Unknown Source)
Could not parse JSONLD [line 1, column 8]        org.eclipse.rdf4j.rio.jsonld.JSONLDParser.parse(JSONLDParser.java:133)
        org.eclipse.rdf4j.rio.jsonld.JSONLDParser.parse(JSONLDParser.java:91)
        org.semanticweb.owlapi.rio.RioParserImpl.parseDocumentSource(RioParserImpl.java:245)
        org.semanticweb.owlapi.rio.RioParserImpl.parse(RioParserImpl.java:185)
        uk.ac.manchester.cs.owl.owlapi.OWLOntologyFactoryImpl.loadOWLOntology(OWLOntologyFactoryImpl.java:220)
        uk.ac.manchester.cs.owl.owlapi.OWLOntologyManagerImpl.actualParse(OWLOntologyManagerImpl.java:1303)
        uk.ac.manchester.cs.owl.owlapi.OWLOntologyManagerImpl.loadOntology(OWLOntologyManagerImpl.java:1243)
        uk.ac.manchester.cs.owl.owlapi.OWLOntologyManagerImpl.loadOntologyFromOntologyDocument(OWLOntologyManagerImpl.java:1186)
        org.protege.editor.owl.model.repository.extractors.LastResortExtractor.getOntologyId(LastResortExtractor.java:21)
        org.protege.editor.owl.model.repository.MasterOntologyIDExtractor.getOntologyId(MasterOntologyIDExtractor.java:26)
Unrecognized token 'Prefix': was expecting (JSON String, Number, Array, Object or token 'null', 'true' or 'false')
 at [Source: REDACTED (`StreamReadFeature.INCLUDE_SOURCE_IN_LOCATION` disabled); line: 1, column: 8]        com.fasterxml.jackson.core.JsonParser._constructError(JsonParser.java:2481)
        com.fasterxml.jackson.core.base.ParserMinimalBase._reportError(ParserMinimalBase.java:762)
        com.fasterxml.jackson.core.json.UTF8StreamJsonParser._reportInvalidToken(UTF8StreamJsonParser.java:3703)
        com.fasterxml.jackson.core.json.UTF8StreamJsonParser._handleUnexpectedValue(UTF8StreamJsonParser.java:2791)
        com.fasterxml.jackson.core.json.UTF8StreamJsonParser._nextTokenNotInObject(UTF8StreamJsonParser.java:911)
        com.fasterxml.jackson.core.json.UTF8StreamJsonParser.nextToken(UTF8StreamJsonParser.java:797)
        com.github.jsonldjava.utils.JsonUtils.fromJsonParser(JsonUtils.java:202)
        org.eclipse.rdf4j.rio.jsonld.JSONLDParser.getJSONObject(JSONLDParser.java:146)
        org.eclipse.rdf4j.rio.jsonld.JSONLDParser.parse(JSONLDParser.java:126)
        org.eclipse.rdf4j.rio.jsonld.JSONLDParser.parse(JSONLDParser.java:91)


--------------------------------------------------------------------------------
Parser: org.semanticweb.owlapi.rio.RioParserImpl : org.semanticweb.owlapi.formats.N3DocumentFormatFactory@9a5
    Stack trace:
org.eclipse.rdf4j.rio.RDFParseException: Namespace prefix 'Prefix' used but not defined [line 1]        org.semanticweb.owlapi.rio.RioParserImpl.parse(RioParserImpl.java:189)
        uk.ac.manchester.cs.owl.owlapi.OWLOntologyFactoryImpl.loadOWLOntology(OWLOntologyFactoryImpl.java:220)
        uk.ac.manchester.cs.owl.owlapi.OWLOntologyManagerImpl.actualParse(OWLOntologyManagerImpl.java:1303)
        uk.ac.manchester.cs.owl.owlapi.OWLOntologyManagerImpl.loadOntology(OWLOntologyManagerImpl.java:1243)
        uk.ac.manchester.cs.owl.owlapi.OWLOntologyManagerImpl.loadOntologyFromOntologyDocument(OWLOntologyManagerImpl.java:1186)
        org.protege.editor.owl.model.repository.extractors.LastResortExtractor.getOntologyId(LastResortExtractor.java:21)
        org.protege.editor.owl.model.repository.MasterOntologyIDExtractor.getOntologyId(MasterOntologyIDExtractor.java:26)
        org.protege.editor.owl.ui.ontology.imports.wizard.page.AnticipateOntologyIdPage.checkImport(AnticipateOntologyIdPage.java:109)
        org.protege.editor.owl.ui.ontology.imports.wizard.page.AnticipateOntologyIdPage.lambda$new$0(AnticipateOntologyIdPage.java:44)
        java.base/java.lang.Thread.run(Unknown Source)
Namespace prefix 'Prefix' used but not defined [line 1]        org.eclipse.rdf4j.rio.helpers.RDFParserHelper.reportFatalError(RDFParserHelper.java:340)
        org.eclipse.rdf4j.rio.helpers.AbstractRDFParser.reportFatalError(AbstractRDFParser.java:747)
        org.eclipse.rdf4j.rio.turtle.TurtleParser.reportFatalError(TurtleParser.java:1307)
        org.eclipse.rdf4j.rio.helpers.AbstractRDFParser.getNamespace(AbstractRDFParser.java:345)
        org.eclipse.rdf4j.rio.turtle.TurtleParser.parseQNameOrBoolean(TurtleParser.java:1002)
        org.eclipse.rdf4j.rio.turtle.TurtleParser.parseValue(TurtleParser.java:572)
        org.eclipse.rdf4j.rio.turtle.TurtleParser.parseSubject(TurtleParser.java:396)
        org.eclipse.rdf4j.rio.turtle.TurtleParser.parseTriples(TurtleParser.java:331)
        org.eclipse.rdf4j.rio.turtle.TurtleParser.parseStatement(TurtleParser.java:200)
        org.eclipse.rdf4j.rio.turtle.TurtleParser.parse(TurtleParser.java:162)


--------------------------------------------------------------------------------
Parser: org.semanticweb.owlapi.rio.RioParserImpl : org.semanticweb.owlapi.formats.RioRDFXMLDocumentFormatFactory@69b9a3bc
    Stack trace:
org.eclipse.rdf4j.rio.RDFParseException: O conteúdo não é permitido no prólogo. [line 1, column 1]        org.semanticweb.owlapi.rio.RioParserImpl.parse(RioParserImpl.java:189)
        uk.ac.manchester.cs.owl.owlapi.OWLOntologyFactoryImpl.loadOWLOntology(OWLOntologyFactoryImpl.java:220)
        uk.ac.manchester.cs.owl.owlapi.OWLOntologyManagerImpl.actualParse(OWLOntologyManagerImpl.java:1303)
        uk.ac.manchester.cs.owl.owlapi.OWLOntologyManagerImpl.loadOntology(OWLOntologyManagerImpl.java:1243)
        uk.ac.manchester.cs.owl.owlapi.OWLOntologyManagerImpl.loadOntologyFromOntologyDocument(OWLOntologyManagerImpl.java:1186)
        org.protege.editor.owl.model.repository.extractors.LastResortExtractor.getOntologyId(LastResortExtractor.java:21)
        org.protege.editor.owl.model.repository.MasterOntologyIDExtractor.getOntologyId(MasterOntologyIDExtractor.java:26)
        org.protege.editor.owl.ui.ontology.imports.wizard.page.AnticipateOntologyIdPage.checkImport(AnticipateOntologyIdPage.java:109)
        org.protege.editor.owl.ui.ontology.imports.wizard.page.AnticipateOntologyIdPage.lambda$new$0(AnticipateOntologyIdPage.java:44)
        java.base/java.lang.Thread.run(Unknown Source)
O conteúdo não é permitido no prólogo. [line 1, column 1]        org.eclipse.rdf4j.rio.helpers.RDFParserHelper.reportFatalError(RDFParserHelper.java:373)
        org.eclipse.rdf4j.rio.helpers.AbstractRDFParser.reportFatalError(AbstractRDFParser.java:772)
        org.eclipse.rdf4j.rio.rdfxml.RDFXMLParser.reportFatalError(RDFXMLParser.java:1017)
        org.eclipse.rdf4j.rio.rdfxml.RDFXMLParser.fatalError(RDFXMLParser.java:1148)
        java.xml/com.sun.org.apache.xerces.internal.util.ErrorHandlerWrapper.fatalError(Unknown Source)
        java.xml/com.sun.org.apache.xerces.internal.impl.XMLErrorReporter.reportError(Unknown Source)
        java.xml/com.sun.org.apache.xerces.internal.impl.XMLErrorReporter.reportError(Unknown Source)
        java.xml/com.sun.org.apache.xerces.internal.impl.XMLScanner.reportFatalError(Unknown Source)
        java.xml/com.sun.org.apache.xerces.internal.impl.XMLDocumentScannerImpl$PrologDriver.next(Unknown Source)
        java.xml/com.sun.org.apache.xerces.internal.impl.XMLDocumentScannerImpl.next(Unknown Source)
O conteúdo não é permitido no prólogo.        java.xml/com.sun.org.apache.xerces.internal.util.ErrorHandlerWrapper.createSAXParseException(Unknown Source)
        java.xml/com.sun.org.apache.xerces.internal.util.ErrorHandlerWrapper.fatalError(Unknown Source)
        java.xml/com.sun.org.apache.xerces.internal.impl.XMLErrorReporter.reportError(Unknown Source)
        java.xml/com.sun.org.apache.xerces.internal.impl.XMLErrorReporter.reportError(Unknown Source)
        java.xml/com.sun.org.apache.xerces.internal.impl.XMLScanner.reportFatalError(Unknown Source)
        java.xml/com.sun.org.apache.xerces.internal.impl.XMLDocumentScannerImpl$PrologDriver.next(Unknown Source)
        java.xml/com.sun.org.apache.xerces.internal.impl.XMLDocumentScannerImpl.next(Unknown Source)
        java.xml/com.sun.org.apache.xerces.internal.impl.XMLNSDocumentScannerImpl.next(Unknown Source)
        java.xml/com.sun.org.apache.xerces.internal.impl.XMLDocumentFragmentScannerImpl.scanDocument(Unknown Source)
        java.xml/com.sun.org.apache.xerces.internal.parsers.XML11Configuration.parse(Unknown Source)


--------------------------------------------------------------------------------
Parser: org.semanticweb.owlapi.rdf.turtle.parser.TurtleOntologyParser@43c8e616
    Stack trace:
org.semanticweb.owlapi.rdf.turtle.parser.ParseException: Prefix not declared: Prefix:        org.semanticweb.owlapi.rdf.turtle.parser.TurtleOntologyParser.parse(TurtleOntologyParser.java:114)
        uk.ac.manchester.cs.owl.owlapi.OWLOntologyFactoryImpl.loadOWLOntology(OWLOntologyFactoryImpl.java:220)
        uk.ac.manchester.cs.owl.owlapi.OWLOntologyManagerImpl.actualParse(OWLOntologyManagerImpl.java:1303)
        uk.ac.manchester.cs.owl.owlapi.OWLOntologyManagerImpl.loadOntology(OWLOntologyManagerImpl.java:1243)
        uk.ac.manchester.cs.owl.owlapi.OWLOntologyManagerImpl.loadOntologyFromOntologyDocument(OWLOntologyManagerImpl.java:1186)
        org.protege.editor.owl.model.repository.extractors.LastResortExtractor.getOntologyId(LastResortExtractor.java:21)
        org.protege.editor.owl.model.repository.MasterOntologyIDExtractor.getOntologyId(MasterOntologyIDExtractor.java:26)
        org.protege.editor.owl.ui.ontology.imports.wizard.page.AnticipateOntologyIdPage.checkImport(AnticipateOntologyIdPage.java:109)
        org.protege.editor.owl.ui.ontology.imports.wizard.page.AnticipateOntologyIdPage.lambda$new$0(AnticipateOntologyIdPage.java:44)
        java.base/java.lang.Thread.run(Unknown Source)
Prefix not declared: Prefix:        org.semanticweb.owlapi.rdf.turtle.parser.TurtleParser.getIRIFromQName(TurtleParser.java:118)
        org.semanticweb.owlapi.rdf.turtle.parser.TurtleParser.parseLoneNS(TurtleParser.java:225)
        org.semanticweb.owlapi.rdf.turtle.parser.TurtleParser.parseResource(TurtleParser.java:326)
        org.semanticweb.owlapi.rdf.turtle.parser.TurtleParser.parseSubject(TurtleParser.java:212)
        org.semanticweb.owlapi.rdf.turtle.parser.TurtleParser.parseTriples(TurtleParser.java:202)
        org.semanticweb.owlapi.rdf.turtle.parser.TurtleParser.parseStatement(TurtleParser.java:198)
        org.semanticweb.owlapi.rdf.turtle.parser.TurtleParser.parseDocument(TurtleParser.java:152)
        org.semanticweb.owlapi.rdf.turtle.parser.TurtleOntologyParser.parse(TurtleOntologyParser.java:107)
        uk.ac.manchester.cs.owl.owlapi.OWLOntologyFactoryImpl.loadOWLOntology(OWLOntologyFactoryImpl.java:220)
        uk.ac.manchester.cs.owl.owlapi.OWLOntologyManagerImpl.actualParse(OWLOntologyManagerImpl.java:1303)


--------------------------------------------------------------------------------
Parser: org.semanticweb.owlapi.oboformat.OBOFormatOWLAPIParser@30299d8f
    Stack trace:
LINENO: 16 - Expected at least one white space, but found end of line at pos: 12
LINE: Annotations:        org.semanticweb.owlapi.oboformat.OBOFormatOWLAPIParser.parse(OBOFormatOWLAPIParser.java:109)
        uk.ac.manchester.cs.owl.owlapi.OWLOntologyFactoryImpl.loadOWLOntology(OWLOntologyFactoryImpl.java:220)
        uk.ac.manchester.cs.owl.owlapi.OWLOntologyManagerImpl.actualParse(OWLOntologyManagerImpl.java:1303)
        uk.ac.manchester.cs.owl.owlapi.OWLOntologyManagerImpl.loadOntology(OWLOntologyManagerImpl.java:1243)
        uk.ac.manchester.cs.owl.owlapi.OWLOntologyManagerImpl.loadOntologyFromOntologyDocument(OWLOntologyManagerImpl.java:1186)
        org.protege.editor.owl.model.repository.extractors.LastResortExtractor.getOntologyId(LastResortExtractor.java:21)
        org.protege.editor.owl.model.repository.MasterOntologyIDExtractor.getOntologyId(MasterOntologyIDExtractor.java:26)
        org.protege.editor.owl.ui.ontology.imports.wizard.page.AnticipateOntologyIdPage.checkImport(AnticipateOntologyIdPage.java:109)
        org.protege.editor.owl.ui.ontology.imports.wizard.page.AnticipateOntologyIdPage.lambda$new$0(AnticipateOntologyIdPage.java:44)
        java.base/java.lang.Thread.run(Unknown Source)
LINENO: 16 - Expected at least one white space, but found end of line at pos: 12
LINE: Annotations:        org.obolibrary.oboformat.parser.OBOFormatParser.error(OBOFormatParser.java:1338)
        org.obolibrary.oboformat.parser.OBOFormatParser.parseWs(OBOFormatParser.java:1216)
        org.obolibrary.oboformat.parser.OBOFormatParser.getParseTag(OBOFormatParser.java:752)
        org.obolibrary.oboformat.parser.OBOFormatParser.parseHeaderClause(OBOFormatParser.java:425)
        org.obolibrary.oboformat.parser.OBOFormatParser.parseHeaderClauseNl(OBOFormatParser.java:418)
        org.obolibrary.oboformat.parser.OBOFormatParser.parseHeaderFrame(OBOFormatParser.java:401)
        org.obolibrary.oboformat.parser.OBOFormatParser.parseOBODoc(OBOFormatParser.java:283)
        org.obolibrary.oboformat.parser.OBOFormatParser.parse(OBOFormatParser.java:248)
        org.semanticweb.owlapi.oboformat.OBOFormatOWLAPIParser.parse(OBOFormatOWLAPIParser.java:91)
        uk.ac.manchester.cs.owl.owlapi.OWLOntologyFactoryImpl.loadOWLOntology(OWLOntologyFactoryImpl.java:220)


--------------------------------------------------------------------------------
Parser: org.semanticweb.owlapi.krss2.parser.KRSS2OWLParser@7d64a0be
    Stack trace:
org.semanticweb.owlapi.krss2.parser.ParseException: Encountered " <NAME> "Prefix: "" at line 1, column 1.
Was expecting:
    <EOF> 
            org.semanticweb.owlapi.krss2.parser.KRSS2OWLParser.parse(KRSS2OWLParser.java:297)
        uk.ac.manchester.cs.owl.owlapi.OWLOntologyFactoryImpl.loadOWLOntology(OWLOntologyFactoryImpl.java:220)
        uk.ac.manchester.cs.owl.owlapi.OWLOntologyManagerImpl.actualParse(OWLOntologyManagerImpl.java:1303)
        uk.ac.manchester.cs.owl.owlapi.OWLOntologyManagerImpl.loadOntology(OWLOntologyManagerImpl.java:1243)
        uk.ac.manchester.cs.owl.owlapi.OWLOntologyManagerImpl.loadOntologyFromOntologyDocument(OWLOntologyManagerImpl.java:1186)
        org.protege.editor.owl.model.repository.extractors.LastResortExtractor.getOntologyId(LastResortExtractor.java:21)
        org.protege.editor.owl.model.repository.MasterOntologyIDExtractor.getOntologyId(MasterOntologyIDExtractor.java:26)
        org.protege.editor.owl.ui.ontology.imports.wizard.page.AnticipateOntologyIdPage.checkImport(AnticipateOntologyIdPage.java:109)
        org.protege.editor.owl.ui.ontology.imports.wizard.page.AnticipateOntologyIdPage.lambda$new$0(AnticipateOntologyIdPage.java:44)
        java.base/java.lang.Thread.run(Unknown Source)
Encountered " <NAME> "Prefix: "" at line 1, column 1.
Was expecting:
    <EOF> 
            org.semanticweb.owlapi.krss2.parser.KRSS2Parser.generateParseException(KRSS2Parser.java:3187)
        org.semanticweb.owlapi.krss2.parser.KRSS2Parser.jj_consume_token(KRSS2Parser.java:3040)
        org.semanticweb.owlapi.krss2.parser.KRSS2Parser.parse(KRSS2Parser.java:141)
        org.semanticweb.owlapi.krss2.parser.KRSS2OWLParser.parse(KRSS2OWLParser.java:294)
        uk.ac.manchester.cs.owl.owlapi.OWLOntologyFactoryImpl.loadOWLOntology(OWLOntologyFactoryImpl.java:220)
        uk.ac.manchester.cs.owl.owlapi.OWLOntologyManagerImpl.actualParse(OWLOntologyManagerImpl.java:1303)
        uk.ac.manchester.cs.owl.owlapi.OWLOntologyManagerImpl.loadOntology(OWLOntologyManagerImpl.java:1243)
        uk.ac.manchester.cs.owl.owlapi.OWLOntologyManagerImpl.loadOntologyFromOntologyDocument(OWLOntologyManagerImpl.java:1186)
        org.protege.editor.owl.model.repository.extractors.LastResortExtractor.getOntologyId(LastResortExtractor.java:21)
        org.protege.editor.owl.model.repository.MasterOntologyIDExtractor.getOntologyId(MasterOntologyIDExtractor.java:26)


--------------------------------------------------------------------------------
Parser: org.semanticweb.owlapi.rio.RioParserImpl : org.semanticweb.owlapi.formats.RDFaDocumentFormatFactory@264e8d
    Stack trace:
org.eclipse.rdf4j.rio.UnsupportedRDFormatException: Did not recognise RDF format object RDFa (mimeTypes=application/xhtml+xml, application/html, text/html; ext=xhtml, html)        org.semanticweb.owlapi.rio.RioParserImpl.parse(RioParserImpl.java:200)
        uk.ac.manchester.cs.owl.owlapi.OWLOntologyFactoryImpl.loadOWLOntology(OWLOntologyFactoryImpl.java:220)
        uk.ac.manchester.cs.owl.owlapi.OWLOntologyManagerImpl.actualParse(OWLOntologyManagerImpl.java:1303)
        uk.ac.manchester.cs.owl.owlapi.OWLOntologyManagerImpl.loadOntology(OWLOntologyManagerImpl.java:1243)
        uk.ac.manchester.cs.owl.owlapi.OWLOntologyManagerImpl.loadOntologyFromOntologyDocument(OWLOntologyManagerImpl.java:1186)
        org.protege.editor.owl.model.repository.extractors.LastResortExtractor.getOntologyId(LastResortExtractor.java:21)
        org.protege.editor.owl.model.repository.MasterOntologyIDExtractor.getOntologyId(MasterOntologyIDExtractor.java:26)
        org.protege.editor.owl.ui.ontology.imports.wizard.page.AnticipateOntologyIdPage.checkImport(AnticipateOntologyIdPage.java:109)
        org.protege.editor.owl.ui.ontology.imports.wizard.page.AnticipateOntologyIdPage.lambda$new$0(AnticipateOntologyIdPage.java:44)
        java.base/java.lang.Thread.run(Unknown Source)
Did not recognise RDF format object RDFa (mimeTypes=application/xhtml+xml, application/html, text/html; ext=xhtml, html)        org.eclipse.rdf4j.rio.Rio.lambda$unsupportedFormat$0(Rio.java:690)
        java.base/java.util.Optional.orElseThrow(Unknown Source)
        org.eclipse.rdf4j.rio.Rio.createParser(Rio.java:96)
        org.semanticweb.owlapi.rio.RioParserImpl.parseDocumentSource(RioParserImpl.java:225)
        org.semanticweb.owlapi.rio.RioParserImpl.parse(RioParserImpl.java:185)
        uk.ac.manchester.cs.owl.owlapi.OWLOntologyFactoryImpl.loadOWLOntology(OWLOntologyFactoryImpl.java:220)
        uk.ac.manchester.cs.owl.owlapi.OWLOntologyManagerImpl.actualParse(OWLOntologyManagerImpl.java:1303)
        uk.ac.manchester.cs.owl.owlapi.OWLOntologyManagerImpl.loadOntology(OWLOntologyManagerImpl.java:1243)
        uk.ac.manchester.cs.owl.owlapi.OWLOntologyManagerImpl.loadOntologyFromOntologyDocument(OWLOntologyManagerImpl.java:1186)
        org.protege.editor.owl.model.repository.extractors.LastResortExtractor.getOntologyId(LastResortExtractor.java:21)



	at uk.ac.manchester.cs.owl.owlapi.OWLOntologyFactoryImpl.loadOWLOntology(OWLOntologyFactoryImpl.java:257)
	at uk.ac.manchester.cs.owl.owlapi.OWLOntologyManagerImpl.actualParse(OWLOntologyManagerImpl.java:1303)
	at uk.ac.manchester.cs.owl.owlapi.OWLOntologyManagerImpl.loadOntology(OWLOntologyManagerImpl.java:1243)
	at uk.ac.manchester.cs.owl.owlapi.OWLOntologyManagerImpl.loadOntologyFromOntologyDocument(OWLOntologyManagerImpl.java:1186)
	at org.protege.editor.owl.model.repository.extractors.LastResortExtractor.getOntologyId(LastResortExtractor.java:21)
	at org.protege.editor.owl.model.repository.MasterOntologyIDExtractor.getOntologyId(MasterOntologyIDExtractor.java:26)
	at org.protege.editor.owl.ui.ontology.imports.wizard.page.AnticipateOntologyIdPage.checkImport(AnticipateOntologyIdPage.java:109)
	at org.protege.editor.owl.ui.ontology.imports.wizard.page.AnticipateOntologyIdPage.lambda$new$0(AnticipateOntologyIdPage.java:44)
	at java.base/java.lang.Thread.run(Unknown Source)
2026-06-25 14:09:46.951 [Thread-3] ERROR AnticipateOntologyIdPage    An error occurred whilst extracting the Ontology Id from the imported ontology: {}
java.lang.NullPointerException: null
	at org.protege.editor.owl.model.repository.MasterOntologyIDExtractor.getOntologyId(MasterOntologyIDExtractor.java:27)
	at org.protege.editor.owl.ui.ontology.imports.wizard.page.AnticipateOntologyIdPage.checkImport(AnticipateOntologyIdPage.java:109)
	at org.protege.editor.owl.ui.ontology.imports.wizard.page.AnticipateOntologyIdPage.lambda$new$0(AnticipateOntologyIdPage.java:44)
	at java.base/java.lang.Thread.run(Unknown Source)
2026-06-25 14:09:52.839 [pool-11-thread-1] INFO  AddImportsStrategy    -------------------- Importing ontology and imports closure --------------------
2026-06-25 14:11:57.991 [Thread-4] INFO  LastResortExtractor    Exception caught trying to get ontology id for https://archive.researchdata.leeds.ac.uk/42/5/Soil-Property-Process.owl
org.semanticweb.owlapi.io.UnparsableOntologyException: Problem parsing https://archive.researchdata.leeds.ac.uk/42/5/Soil-Property-Process.owl
Could not parse ontology.  Either a suitable parser could not be found, or parsing failed.  See parser logs below for explanation.
The following parsers were tried:
1) org.semanticweb.owlapi.rdf.rdfxml.parser.RDFXMLParser@2592d3a4
2) org.semanticweb.owlapi.owlxml.parser.OWLXMLParser@67239e5d
3) org.semanticweb.owlapi.functional.parser.OWLFunctionalSyntaxOWLParser@22973de7
4) org.semanticweb.owlapi.rio.RioParserImpl : org.semanticweb.owlapi.formats.RioTurtleDocumentFormatFactory@95fd655c
5) org.semanticweb.owlapi.manchestersyntax.parser.ManchesterOWLSyntaxOntologyParser@cdaca7e
6) org.semanticweb.owlapi.rio.RioParserImpl : org.semanticweb.owlapi.formats.NQuadsDocumentFormatFactory@6f9c39ad
7) org.semanticweb.owlapi.rio.RioParserImpl : org.semanticweb.owlapi.formats.TrigDocumentFormatFactory@27e81c
8) org.semanticweb.owlapi.rio.RioParserImpl : org.semanticweb.owlapi.formats.RDFJsonDocumentFormatFactory@cd748dc3
9) org.semanticweb.owlapi.rio.RioParserImpl : org.semanticweb.owlapi.formats.NTriplesDocumentFormatFactory@937ecd36
10) org.semanticweb.owlapi.rio.RioParserImpl : org.semanticweb.owlapi.formats.BinaryRDFDocumentFormatFactory@3bf24493
11) org.semanticweb.owlapi.rio.RioParserImpl : org.semanticweb.owlapi.formats.RDFJsonLDDocumentFormatFactory@dcacc47d
12) org.semanticweb.owlapi.rio.RioParserImpl : org.semanticweb.owlapi.formats.N3DocumentFormatFactory@9a5
13) org.semanticweb.owlapi.rio.RioParserImpl : org.semanticweb.owlapi.formats.RioRDFXMLDocumentFormatFactory@69b9a3bc
14) org.semanticweb.owlapi.rdf.turtle.parser.TurtleOntologyParser@13e1fa31
15) org.semanticweb.owlapi.oboformat.OBOFormatOWLAPIParser@2de69a90
16) org.semanticweb.owlapi.krss2.parser.KRSS2OWLParser@2faafeff
17) org.semanticweb.owlapi.rio.RioParserImpl : org.semanticweb.owlapi.formats.RDFaDocumentFormatFactory@264e8d


Detailed logs:
--------------------------------------------------------------------------------
Parser: org.semanticweb.owlapi.rdf.rdfxml.parser.RDFXMLParser@2592d3a4
    Stack trace:
org.xml.sax.SAXParseException; systemId: https://archive.researchdata.leeds.ac.uk/42/5/Soil-Property-Process.owl; lineNumber: 1; columnNumber: 1; O conteúdo não é permitido no prólogo.        org.semanticweb.owlapi.rdf.rdfxml.parser.RDFXMLParser.parse(RDFXMLParser.java:76)
        uk.ac.manchester.cs.owl.owlapi.OWLOntologyFactoryImpl.loadOWLOntology(OWLOntologyFactoryImpl.java:220)
        uk.ac.manchester.cs.owl.owlapi.OWLOntologyManagerImpl.actualParse(OWLOntologyManagerImpl.java:1303)
        uk.ac.manchester.cs.owl.owlapi.OWLOntologyManagerImpl.loadOntology(OWLOntologyManagerImpl.java:1243)
        uk.ac.manchester.cs.owl.owlapi.OWLOntologyManagerImpl.loadOntologyFromOntologyDocument(OWLOntologyManagerImpl.java:1186)
        org.protege.editor.owl.model.repository.extractors.LastResortExtractor.getOntologyId(LastResortExtractor.java:21)
        org.protege.editor.owl.model.repository.MasterOntologyIDExtractor.getOntologyId(MasterOntologyIDExtractor.java:26)
        org.protege.editor.owl.ui.ontology.imports.wizard.page.AnticipateOntologyIdPage.checkImport(AnticipateOntologyIdPage.java:109)
        org.protege.editor.owl.ui.ontology.imports.wizard.page.AnticipateOntologyIdPage.lambda$new$0(AnticipateOntologyIdPage.java:44)
        java.base/java.lang.Thread.run(Unknown Source)
O conteúdo não é permitido no prólogo.        java.xml/com.sun.org.apache.xerces.internal.util.ErrorHandlerWrapper.createSAXParseException(Unknown Source)
        java.xml/com.sun.org.apache.xerces.internal.util.ErrorHandlerWrapper.fatalError(Unknown Source)
        java.xml/com.sun.org.apache.xerces.internal.impl.XMLErrorReporter.reportError(Unknown Source)
        java.xml/com.sun.org.apache.xerces.internal.impl.XMLErrorReporter.reportError(Unknown Source)
        java.xml/com.sun.org.apache.xerces.internal.impl.XMLScanner.reportFatalError(Unknown Source)
        java.xml/com.sun.org.apache.xerces.internal.impl.XMLDocumentScannerImpl$PrologDriver.next(Unknown Source)
        java.xml/com.sun.org.apache.xerces.internal.impl.XMLDocumentScannerImpl.next(Unknown Source)
        java.xml/com.sun.org.apache.xerces.internal.impl.XMLNSDocumentScannerImpl.next(Unknown Source)
        java.xml/com.sun.org.apache.xerces.internal.impl.XMLDocumentFragmentScannerImpl.scanDocument(Unknown Source)
        java.xml/com.sun.org.apache.xerces.internal.parsers.XML11Configuration.parse(Unknown Source)


--------------------------------------------------------------------------------
Parser: org.semanticweb.owlapi.owlxml.parser.OWLXMLParser@67239e5d
    Stack trace:
org.xml.sax.SAXParseException; systemId: https://archive.researchdata.leeds.ac.uk/42/5/Soil-Property-Process.owl; lineNumber: 1; columnNumber: 1; O conteúdo não é permitido no prólogo.        org.semanticweb.owlapi.owlxml.parser.OWLXMLParser.parse(OWLXMLParser.java:77)
        uk.ac.manchester.cs.owl.owlapi.OWLOntologyFactoryImpl.loadOWLOntology(OWLOntologyFactoryImpl.java:220)
        uk.ac.manchester.cs.owl.owlapi.OWLOntologyManagerImpl.actualParse(OWLOntologyManagerImpl.java:1303)
        uk.ac.manchester.cs.owl.owlapi.OWLOntologyManagerImpl.loadOntology(OWLOntologyManagerImpl.java:1243)
        uk.ac.manchester.cs.owl.owlapi.OWLOntologyManagerImpl.loadOntologyFromOntologyDocument(OWLOntologyManagerImpl.java:1186)
        org.protege.editor.owl.model.repository.extractors.LastResortExtractor.getOntologyId(LastResortExtractor.java:21)
        org.protege.editor.owl.model.repository.MasterOntologyIDExtractor.getOntologyId(MasterOntologyIDExtractor.java:26)
        org.protege.editor.owl.ui.ontology.imports.wizard.page.AnticipateOntologyIdPage.checkImport(AnticipateOntologyIdPage.java:109)
        org.protege.editor.owl.ui.ontology.imports.wizard.page.AnticipateOntologyIdPage.lambda$new$0(AnticipateOntologyIdPage.java:44)
        java.base/java.lang.Thread.run(Unknown Source)
O conteúdo não é permitido no prólogo.        java.xml/com.sun.org.apache.xerces.internal.util.ErrorHandlerWrapper.createSAXParseException(Unknown Source)
        java.xml/com.sun.org.apache.xerces.internal.util.ErrorHandlerWrapper.fatalError(Unknown Source)
        java.xml/com.sun.org.apache.xerces.internal.impl.XMLErrorReporter.reportError(Unknown Source)
        java.xml/com.sun.org.apache.xerces.internal.impl.XMLErrorReporter.reportError(Unknown Source)
        java.xml/com.sun.org.apache.xerces.internal.impl.XMLScanner.reportFatalError(Unknown Source)
        java.xml/com.sun.org.apache.xerces.internal.impl.XMLDocumentScannerImpl$PrologDriver.next(Unknown Source)
        java.xml/com.sun.org.apache.xerces.internal.impl.XMLDocumentScannerImpl.next(Unknown Source)
        java.xml/com.sun.org.apache.xerces.internal.impl.XMLNSDocumentScannerImpl.next(Unknown Source)
        java.xml/com.sun.org.apache.xerces.internal.impl.XMLDocumentFragmentScannerImpl.scanDocument(Unknown Source)
        java.xml/com.sun.org.apache.xerces.internal.parsers.XML11Configuration.parse(Unknown Source)


--------------------------------------------------------------------------------
Parser: org.semanticweb.owlapi.functional.parser.OWLFunctionalSyntaxOWLParser@22973de7
    Stack trace:
Encountered " <PNAME_NS> "Prefix: "" at line 1, column 1.
Was expecting one of:
    "Ontology" ...
    "Prefix" ...
     (Line 0 column 0)        org.semanticweb.owlapi.functional.parser.OWLFunctionalSyntaxOWLParser.parse(OWLFunctionalSyntaxOWLParser.java:103)
        uk.ac.manchester.cs.owl.owlapi.OWLOntologyFactoryImpl.loadOWLOntology(OWLOntologyFactoryImpl.java:220)
        uk.ac.manchester.cs.owl.owlapi.OWLOntologyManagerImpl.actualParse(OWLOntologyManagerImpl.java:1303)
        uk.ac.manchester.cs.owl.owlapi.OWLOntologyManagerImpl.loadOntology(OWLOntologyManagerImpl.java:1243)
        uk.ac.manchester.cs.owl.owlapi.OWLOntologyManagerImpl.loadOntologyFromOntologyDocument(OWLOntologyManagerImpl.java:1186)
        org.protege.editor.owl.model.repository.extractors.LastResortExtractor.getOntologyId(LastResortExtractor.java:21)
        org.protege.editor.owl.model.repository.MasterOntologyIDExtractor.getOntologyId(MasterOntologyIDExtractor.java:26)
        org.protege.editor.owl.ui.ontology.imports.wizard.page.AnticipateOntologyIdPage.checkImport(AnticipateOntologyIdPage.java:109)
        org.protege.editor.owl.ui.ontology.imports.wizard.page.AnticipateOntologyIdPage.lambda$new$0(AnticipateOntologyIdPage.java:44)
        java.base/java.lang.Thread.run(Unknown Source)
Encountered " <PNAME_NS> "Prefix: "" at line 1, column 1.
Was expecting one of:
    "Ontology" ...
    "Prefix" ...
            org.semanticweb.owlapi.functional.parser.OWLFunctionalSyntaxParser.generateParseException(OWLFunctionalSyntaxParser.java:2617)
        org.semanticweb.owlapi.functional.parser.OWLFunctionalSyntaxParser.jj_consume_token(OWLFunctionalSyntaxParser.java:2543)
        org.semanticweb.owlapi.functional.parser.OWLFunctionalSyntaxParser.Ontology(OWLFunctionalSyntaxParser.java:136)
        org.semanticweb.owlapi.functional.parser.OWLFunctionalSyntaxParser.parse(OWLFunctionalSyntaxParser.java:121)
        org.semanticweb.owlapi.functional.parser.OWLFunctionalSyntaxOWLParser.parse(OWLFunctionalSyntaxOWLParser.java:101)
        uk.ac.manchester.cs.owl.owlapi.OWLOntologyFactoryImpl.loadOWLOntology(OWLOntologyFactoryImpl.java:220)
        uk.ac.manchester.cs.owl.owlapi.OWLOntologyManagerImpl.actualParse(OWLOntologyManagerImpl.java:1303)
        uk.ac.manchester.cs.owl.owlapi.OWLOntologyManagerImpl.loadOntology(OWLOntologyManagerImpl.java:1243)
        uk.ac.manchester.cs.owl.owlapi.OWLOntologyManagerImpl.loadOntologyFromOntologyDocument(OWLOntologyManagerImpl.java:1186)
        org.protege.editor.owl.model.repository.extractors.LastResortExtractor.getOntologyId(LastResortExtractor.java:21)


--------------------------------------------------------------------------------
Parser: org.semanticweb.owlapi.rio.RioParserImpl : org.semanticweb.owlapi.formats.RioTurtleDocumentFormatFactory@95fd655c
    Stack trace:
org.eclipse.rdf4j.rio.RDFParseException: Namespace prefix 'Prefix' used but not defined [line 1]        org.semanticweb.owlapi.rio.RioParserImpl.parse(RioParserImpl.java:189)
        uk.ac.manchester.cs.owl.owlapi.OWLOntologyFactoryImpl.loadOWLOntology(OWLOntologyFactoryImpl.java:220)
        uk.ac.manchester.cs.owl.owlapi.OWLOntologyManagerImpl.actualParse(OWLOntologyManagerImpl.java:1303)
        uk.ac.manchester.cs.owl.owlapi.OWLOntologyManagerImpl.loadOntology(OWLOntologyManagerImpl.java:1243)
        uk.ac.manchester.cs.owl.owlapi.OWLOntologyManagerImpl.loadOntologyFromOntologyDocument(OWLOntologyManagerImpl.java:1186)
        org.protege.editor.owl.model.repository.extractors.LastResortExtractor.getOntologyId(LastResortExtractor.java:21)
        org.protege.editor.owl.model.repository.MasterOntologyIDExtractor.getOntologyId(MasterOntologyIDExtractor.java:26)
        org.protege.editor.owl.ui.ontology.imports.wizard.page.AnticipateOntologyIdPage.checkImport(AnticipateOntologyIdPage.java:109)
        org.protege.editor.owl.ui.ontology.imports.wizard.page.AnticipateOntologyIdPage.lambda$new$0(AnticipateOntologyIdPage.java:44)
        java.base/java.lang.Thread.run(Unknown Source)
Namespace prefix 'Prefix' used but not defined [line 1]        org.eclipse.rdf4j.rio.helpers.RDFParserHelper.reportFatalError(RDFParserHelper.java:340)
        org.eclipse.rdf4j.rio.helpers.AbstractRDFParser.reportFatalError(AbstractRDFParser.java:747)
        org.eclipse.rdf4j.rio.turtle.TurtleParser.reportFatalError(TurtleParser.java:1307)
        org.eclipse.rdf4j.rio.helpers.AbstractRDFParser.getNamespace(AbstractRDFParser.java:345)
        org.eclipse.rdf4j.rio.turtle.TurtleParser.parseQNameOrBoolean(TurtleParser.java:1002)
        org.eclipse.rdf4j.rio.turtle.TurtleParser.parseValue(TurtleParser.java:572)
        org.eclipse.rdf4j.rio.turtle.TurtleParser.parseSubject(TurtleParser.java:396)
        org.eclipse.rdf4j.rio.turtle.TurtleParser.parseTriples(TurtleParser.java:331)
        org.eclipse.rdf4j.rio.turtle.TurtleParser.parseStatement(TurtleParser.java:200)
        org.eclipse.rdf4j.rio.turtle.TurtleParser.parse(TurtleParser.java:162)


--------------------------------------------------------------------------------
Parser: org.semanticweb.owlapi.manchestersyntax.parser.ManchesterOWLSyntaxOntologyParser@cdaca7e
    Stack trace:
Encountered Annotations: at line 137 column 7. Expected one of:
	Individual:
	AnnotationProperty:
	or
	Datatype:
	DataProperty:
	ObjectProperty:
	DisjointProperties:
	ValuePartition:
	EquivalentClasses:
	Import:
	Prefix:
	DisjointClasses:
	and
	Class:
	SameIndividual:
	DifferentIndividuals:
 (Line 137 column 7)        org.semanticweb.owlapi.manchestersyntax.parser.ManchesterOWLSyntaxOntologyParser.parse(ManchesterOWLSyntaxOntologyParser.java:151)
        uk.ac.manchester.cs.owl.owlapi.OWLOntologyFactoryImpl.loadOWLOntology(OWLOntologyFactoryImpl.java:220)
        uk.ac.manchester.cs.owl.owlapi.OWLOntologyManagerImpl.actualParse(OWLOntologyManagerImpl.java:1303)
        uk.ac.manchester.cs.owl.owlapi.OWLOntologyManagerImpl.loadOntology(OWLOntologyManagerImpl.java:1243)
        uk.ac.manchester.cs.owl.owlapi.OWLOntologyManagerImpl.loadOntologyFromOntologyDocument(OWLOntologyManagerImpl.java:1186)
        org.protege.editor.owl.model.repository.extractors.LastResortExtractor.getOntologyId(LastResortExtractor.java:21)
        org.protege.editor.owl.model.repository.MasterOntologyIDExtractor.getOntologyId(MasterOntologyIDExtractor.java:26)
        org.protege.editor.owl.ui.ontology.imports.wizard.page.AnticipateOntologyIdPage.checkImport(AnticipateOntologyIdPage.java:109)
        org.protege.editor.owl.ui.ontology.imports.wizard.page.AnticipateOntologyIdPage.lambda$new$0(AnticipateOntologyIdPage.java:44)
        java.base/java.lang.Thread.run(Unknown Source)
Encountered Annotations: at line 137 column 7. Expected one of:
	Individual:
	AnnotationProperty:
	or
	Datatype:
	DataProperty:
	ObjectProperty:
	DisjointProperties:
	ValuePartition:
	EquivalentClasses:
	Import:
	Prefix:
	DisjointClasses:
	and
	Class:
	SameIndividual:
	DifferentIndividuals:
        org.semanticweb.owlapi.manchestersyntax.parser.ManchesterOWLSyntaxParserImpl$ExceptionBuilder.build(ManchesterOWLSyntaxParserImpl.java:2632)
        org.semanticweb.owlapi.manchestersyntax.parser.ManchesterOWLSyntaxParserImpl.parseOntology(ManchesterOWLSyntaxParserImpl.java:2417)
        org.semanticweb.owlapi.manchestersyntax.parser.ManchesterOWLSyntaxOntologyParser.parse(ManchesterOWLSyntaxOntologyParser.java:142)
        uk.ac.manchester.cs.owl.owlapi.OWLOntologyFactoryImpl.loadOWLOntology(OWLOntologyFactoryImpl.java:220)
        uk.ac.manchester.cs.owl.owlapi.OWLOntologyManagerImpl.actualParse(OWLOntologyManagerImpl.java:1303)
        uk.ac.manchester.cs.owl.owlapi.OWLOntologyManagerImpl.loadOntology(OWLOntologyManagerImpl.java:1243)
        uk.ac.manchester.cs.owl.owlapi.OWLOntologyManagerImpl.loadOntologyFromOntologyDocument(OWLOntologyManagerImpl.java:1186)
        org.protege.editor.owl.model.repository.extractors.LastResortExtractor.getOntologyId(LastResortExtractor.java:21)
        org.protege.editor.owl.model.repository.MasterOntologyIDExtractor.getOntologyId(MasterOntologyIDExtractor.java:26)
        org.protege.editor.owl.ui.ontology.imports.wizard.page.AnticipateOntologyIdPage.checkImport(AnticipateOntologyIdPage.java:109)


--------------------------------------------------------------------------------
Parser: org.semanticweb.owlapi.rio.RioParserImpl : org.semanticweb.owlapi.formats.NQuadsDocumentFormatFactory@6f9c39ad
    Stack trace:
org.eclipse.rdf4j.rio.RDFParseException: Expected '<' or '_', found: P [line 1, column 80]        org.semanticweb.owlapi.rio.RioParserImpl.parse(RioParserImpl.java:189)
        uk.ac.manchester.cs.owl.owlapi.OWLOntologyFactoryImpl.loadOWLOntology(OWLOntologyFactoryImpl.java:220)
        uk.ac.manchester.cs.owl.owlapi.OWLOntologyManagerImpl.actualParse(OWLOntologyManagerImpl.java:1303)
        uk.ac.manchester.cs.owl.owlapi.OWLOntologyManagerImpl.loadOntology(OWLOntologyManagerImpl.java:1243)
        uk.ac.manchester.cs.owl.owlapi.OWLOntologyManagerImpl.loadOntologyFromOntologyDocument(OWLOntologyManagerImpl.java:1186)
        org.protege.editor.owl.model.repository.extractors.LastResortExtractor.getOntologyId(LastResortExtractor.java:21)
        org.protege.editor.owl.model.repository.MasterOntologyIDExtractor.getOntologyId(MasterOntologyIDExtractor.java:26)
        org.protege.editor.owl.ui.ontology.imports.wizard.page.AnticipateOntologyIdPage.checkImport(AnticipateOntologyIdPage.java:109)
        org.protege.editor.owl.ui.ontology.imports.wizard.page.AnticipateOntologyIdPage.lambda$new$0(AnticipateOntologyIdPage.java:44)
        java.base/java.lang.Thread.run(Unknown Source)
Expected '<' or '_', found: P [line 1, column 80]        org.eclipse.rdf4j.rio.ntriples.NTriplesParser.parseSubject(NTriplesParser.java:190)
        org.eclipse.rdf4j.rio.nquads.NQuadsParser.parseStatement(NQuadsParser.java:48)
        org.eclipse.rdf4j.rio.ntriples.NTriplesParser.parse(NTriplesParser.java:117)
        org.eclipse.rdf4j.rio.ntriples.NTriplesParser.parse(NTriplesParser.java:85)
        org.semanticweb.owlapi.rio.RioParserImpl.parseDocumentSource(RioParserImpl.java:245)
        org.semanticweb.owlapi.rio.RioParserImpl.parse(RioParserImpl.java:185)
        uk.ac.manchester.cs.owl.owlapi.OWLOntologyFactoryImpl.loadOWLOntology(OWLOntologyFactoryImpl.java:220)
        uk.ac.manchester.cs.owl.owlapi.OWLOntologyManagerImpl.actualParse(OWLOntologyManagerImpl.java:1303)
        uk.ac.manchester.cs.owl.owlapi.OWLOntologyManagerImpl.loadOntology(OWLOntologyManagerImpl.java:1243)
        uk.ac.manchester.cs.owl.owlapi.OWLOntologyManagerImpl.loadOntologyFromOntologyDocument(OWLOntologyManagerImpl.java:1186)


--------------------------------------------------------------------------------
Parser: org.semanticweb.owlapi.rio.RioParserImpl : org.semanticweb.owlapi.formats.TrigDocumentFormatFactory@27e81c
    Stack trace:
org.eclipse.rdf4j.rio.RDFParseException: Expected '<', found ':' [line 1]        org.semanticweb.owlapi.rio.RioParserImpl.parse(RioParserImpl.java:189)
        uk.ac.manchester.cs.owl.owlapi.OWLOntologyFactoryImpl.loadOWLOntology(OWLOntologyFactoryImpl.java:220)
        uk.ac.manchester.cs.owl.owlapi.OWLOntologyManagerImpl.actualParse(OWLOntologyManagerImpl.java:1303)
        uk.ac.manchester.cs.owl.owlapi.OWLOntologyManagerImpl.loadOntology(OWLOntologyManagerImpl.java:1243)
        uk.ac.manchester.cs.owl.owlapi.OWLOntologyManagerImpl.loadOntologyFromOntologyDocument(OWLOntologyManagerImpl.java:1186)
        org.protege.editor.owl.model.repository.extractors.LastResortExtractor.getOntologyId(LastResortExtractor.java:21)
        org.protege.editor.owl.model.repository.MasterOntologyIDExtractor.getOntologyId(MasterOntologyIDExtractor.java:26)
        org.protege.editor.owl.ui.ontology.imports.wizard.page.AnticipateOntologyIdPage.checkImport(AnticipateOntologyIdPage.java:109)
        org.protege.editor.owl.ui.ontology.imports.wizard.page.AnticipateOntologyIdPage.lambda$new$0(AnticipateOntologyIdPage.java:44)
        java.base/java.lang.Thread.run(Unknown Source)
Expected '<', found ':' [line 1]        org.eclipse.rdf4j.rio.helpers.RDFParserHelper.reportFatalError(RDFParserHelper.java:340)
        org.eclipse.rdf4j.rio.helpers.AbstractRDFParser.reportFatalError(AbstractRDFParser.java:747)
        org.eclipse.rdf4j.rio.turtle.TurtleParser.reportFatalError(TurtleParser.java:1307)
        org.eclipse.rdf4j.rio.turtle.TurtleParser.verifyCharacterOrFail(TurtleParser.java:1152)
        org.eclipse.rdf4j.rio.turtle.TurtleParser.parseURI(TurtleParser.java:887)
        org.eclipse.rdf4j.rio.turtle.TurtleParser.parsePrefixID(TurtleParser.java:281)
        org.eclipse.rdf4j.rio.turtle.TurtleParser.parseDirective(TurtleParser.java:224)
        org.eclipse.rdf4j.rio.trig.TriGParser.parseStatement(TriGParser.java:92)
        org.eclipse.rdf4j.rio.turtle.TurtleParser.parse(TurtleParser.java:162)
        org.eclipse.rdf4j.rio.turtle.TurtleParser.parse(TurtleParser.java:125)


--------------------------------------------------------------------------------
Parser: org.semanticweb.owlapi.rio.RioParserImpl : org.semanticweb.owlapi.formats.RDFJsonDocumentFormatFactory@cd748dc3
    Stack trace:
org.eclipse.rdf4j.rio.RDFParseException: Found IOException during parsing [line 1, column 7]        org.semanticweb.owlapi.rio.RioParserImpl.parse(RioParserImpl.java:189)
        uk.ac.manchester.cs.owl.owlapi.OWLOntologyFactoryImpl.loadOWLOntology(OWLOntologyFactoryImpl.java:220)
        uk.ac.manchester.cs.owl.owlapi.OWLOntologyManagerImpl.actualParse(OWLOntologyManagerImpl.java:1303)
        uk.ac.manchester.cs.owl.owlapi.OWLOntologyManagerImpl.loadOntology(OWLOntologyManagerImpl.java:1243)
        uk.ac.manchester.cs.owl.owlapi.OWLOntologyManagerImpl.loadOntologyFromOntologyDocument(OWLOntologyManagerImpl.java:1186)
        org.protege.editor.owl.model.repository.extractors.LastResortExtractor.getOntologyId(LastResortExtractor.java:21)
        org.protege.editor.owl.model.repository.MasterOntologyIDExtractor.getOntologyId(MasterOntologyIDExtractor.java:26)
        org.protege.editor.owl.ui.ontology.imports.wizard.page.AnticipateOntologyIdPage.checkImport(AnticipateOntologyIdPage.java:109)
        org.protege.editor.owl.ui.ontology.imports.wizard.page.AnticipateOntologyIdPage.lambda$new$0(AnticipateOntologyIdPage.java:44)
        java.base/java.lang.Thread.run(Unknown Source)
Found IOException during parsing [line 1, column 7]        org.eclipse.rdf4j.rio.helpers.RDFParserHelper.reportFatalError(RDFParserHelper.java:393)
        org.eclipse.rdf4j.rio.helpers.AbstractRDFParser.reportFatalError(AbstractRDFParser.java:783)
        org.eclipse.rdf4j.rio.rdfjson.RDFJSONParser.reportFatalError(RDFJSONParser.java:133)
        org.eclipse.rdf4j.rio.rdfjson.RDFJSONParser.parse(RDFJSONParser.java:86)
        org.semanticweb.owlapi.rio.RioParserImpl.parseDocumentSource(RioParserImpl.java:245)
        org.semanticweb.owlapi.rio.RioParserImpl.parse(RioParserImpl.java:185)
        uk.ac.manchester.cs.owl.owlapi.OWLOntologyFactoryImpl.loadOWLOntology(OWLOntologyFactoryImpl.java:220)
        uk.ac.manchester.cs.owl.owlapi.OWLOntologyManagerImpl.actualParse(OWLOntologyManagerImpl.java:1303)
        uk.ac.manchester.cs.owl.owlapi.OWLOntologyManagerImpl.loadOntology(OWLOntologyManagerImpl.java:1243)
        uk.ac.manchester.cs.owl.owlapi.OWLOntologyManagerImpl.loadOntologyFromOntologyDocument(OWLOntologyManagerImpl.java:1186)
Unrecognized token 'Prefix': was expecting (JSON String, Number, Array, Object or token 'null', 'true' or 'false')
 at [Source: REDACTED (`StreamReadFeature.INCLUDE_SOURCE_IN_LOCATION` disabled); line: 1, column: 7]        com.fasterxml.jackson.core.JsonParser._constructError(JsonParser.java:2481)
        com.fasterxml.jackson.core.base.ParserMinimalBase._reportError(ParserMinimalBase.java:762)
        com.fasterxml.jackson.core.json.ReaderBasedJsonParser._reportInvalidToken(ReaderBasedJsonParser.java:3042)
        com.fasterxml.jackson.core.json.ReaderBasedJsonParser._handleOddValue(ReaderBasedJsonParser.java:2085)
        com.fasterxml.jackson.core.json.ReaderBasedJsonParser.nextToken(ReaderBasedJsonParser.java:812)
        org.eclipse.rdf4j.rio.rdfjson.RDFJSONParser.rdfJsonToHandlerInternal(RDFJSONParser.java:177)
        org.eclipse.rdf4j.rio.rdfjson.RDFJSONParser.parse(RDFJSONParser.java:83)
        org.semanticweb.owlapi.rio.RioParserImpl.parseDocumentSource(RioParserImpl.java:245)
        org.semanticweb.owlapi.rio.RioParserImpl.parse(RioParserImpl.java:185)
        uk.ac.manchester.cs.owl.owlapi.OWLOntologyFactoryImpl.loadOWLOntology(OWLOntologyFactoryImpl.java:220)


--------------------------------------------------------------------------------
Parser: org.semanticweb.owlapi.rio.RioParserImpl : org.semanticweb.owlapi.formats.NTriplesDocumentFormatFactory@937ecd36
    Stack trace:
org.eclipse.rdf4j.rio.RDFParseException: Expected '<' or '_', found: P [line 1, column 80]        org.semanticweb.owlapi.rio.RioParserImpl.parse(RioParserImpl.java:189)
        uk.ac.manchester.cs.owl.owlapi.OWLOntologyFactoryImpl.loadOWLOntology(OWLOntologyFactoryImpl.java:220)
        uk.ac.manchester.cs.owl.owlapi.OWLOntologyManagerImpl.actualParse(OWLOntologyManagerImpl.java:1303)
        uk.ac.manchester.cs.owl.owlapi.OWLOntologyManagerImpl.loadOntology(OWLOntologyManagerImpl.java:1243)
        uk.ac.manchester.cs.owl.owlapi.OWLOntologyManagerImpl.loadOntologyFromOntologyDocument(OWLOntologyManagerImpl.java:1186)
        org.protege.editor.owl.model.repository.extractors.LastResortExtractor.getOntologyId(LastResortExtractor.java:21)
        org.protege.editor.owl.model.repository.MasterOntologyIDExtractor.getOntologyId(MasterOntologyIDExtractor.java:26)
        org.protege.editor.owl.ui.ontology.imports.wizard.page.AnticipateOntologyIdPage.checkImport(AnticipateOntologyIdPage.java:109)
        org.protege.editor.owl.ui.ontology.imports.wizard.page.AnticipateOntologyIdPage.lambda$new$0(AnticipateOntologyIdPage.java:44)
        java.base/java.lang.Thread.run(Unknown Source)
Expected '<' or '_', found: P [line 1, column 80]        org.eclipse.rdf4j.rio.ntriples.NTriplesParser.parseSubject(NTriplesParser.java:190)
        org.eclipse.rdf4j.rio.ntriples.NTriplesParser.parseStatement(NTriplesParser.java:135)
        org.eclipse.rdf4j.rio.ntriples.NTriplesParser.parse(NTriplesParser.java:117)
        org.eclipse.rdf4j.rio.ntriples.NTriplesParser.parse(NTriplesParser.java:85)
        org.semanticweb.owlapi.rio.RioParserImpl.parseDocumentSource(RioParserImpl.java:245)
        org.semanticweb.owlapi.rio.RioParserImpl.parse(RioParserImpl.java:185)
        uk.ac.manchester.cs.owl.owlapi.OWLOntologyFactoryImpl.loadOWLOntology(OWLOntologyFactoryImpl.java:220)
        uk.ac.manchester.cs.owl.owlapi.OWLOntologyManagerImpl.actualParse(OWLOntologyManagerImpl.java:1303)
        uk.ac.manchester.cs.owl.owlapi.OWLOntologyManagerImpl.loadOntology(OWLOntologyManagerImpl.java:1243)
        uk.ac.manchester.cs.owl.owlapi.OWLOntologyManagerImpl.loadOntologyFromOntologyDocument(OWLOntologyManagerImpl.java:1186)


--------------------------------------------------------------------------------
Parser: org.semanticweb.owlapi.rio.RioParserImpl : org.semanticweb.owlapi.formats.BinaryRDFDocumentFormatFactory@3bf24493
    Stack trace:
org.eclipse.rdf4j.rio.RDFParseException: File does not contain a binary RDF document        org.semanticweb.owlapi.rio.RioParserImpl.parse(RioParserImpl.java:189)
        uk.ac.manchester.cs.owl.owlapi.OWLOntologyFactoryImpl.loadOWLOntology(OWLOntologyFactoryImpl.java:220)
        uk.ac.manchester.cs.owl.owlapi.OWLOntologyManagerImpl.actualParse(OWLOntologyManagerImpl.java:1303)
        uk.ac.manchester.cs.owl.owlapi.OWLOntologyManagerImpl.loadOntology(OWLOntologyManagerImpl.java:1243)
        uk.ac.manchester.cs.owl.owlapi.OWLOntologyManagerImpl.loadOntologyFromOntologyDocument(OWLOntologyManagerImpl.java:1186)
        org.protege.editor.owl.model.repository.extractors.LastResortExtractor.getOntologyId(LastResortExtractor.java:21)
        org.protege.editor.owl.model.repository.MasterOntologyIDExtractor.getOntologyId(MasterOntologyIDExtractor.java:26)
        org.protege.editor.owl.ui.ontology.imports.wizard.page.AnticipateOntologyIdPage.checkImport(AnticipateOntologyIdPage.java:109)
        org.protege.editor.owl.ui.ontology.imports.wizard.page.AnticipateOntologyIdPage.lambda$new$0(AnticipateOntologyIdPage.java:44)
        java.base/java.lang.Thread.run(Unknown Source)
File does not contain a binary RDF document        org.eclipse.rdf4j.rio.helpers.RDFParserHelper.reportFatalError(RDFParserHelper.java:340)
        org.eclipse.rdf4j.rio.helpers.RDFParserHelper.reportFatalError(RDFParserHelper.java:327)
        org.eclipse.rdf4j.rio.helpers.AbstractRDFParser.reportFatalError(AbstractRDFParser.java:739)
        org.eclipse.rdf4j.rio.binary.BinaryRDFParser.parse(BinaryRDFParser.java:80)
        org.semanticweb.owlapi.rio.RioParserImpl.parseDocumentSource(RioParserImpl.java:245)
        org.semanticweb.owlapi.rio.RioParserImpl.parse(RioParserImpl.java:185)
        uk.ac.manchester.cs.owl.owlapi.OWLOntologyFactoryImpl.loadOWLOntology(OWLOntologyFactoryImpl.java:220)
        uk.ac.manchester.cs.owl.owlapi.OWLOntologyManagerImpl.actualParse(OWLOntologyManagerImpl.java:1303)
        uk.ac.manchester.cs.owl.owlapi.OWLOntologyManagerImpl.loadOntology(OWLOntologyManagerImpl.java:1243)
        uk.ac.manchester.cs.owl.owlapi.OWLOntologyManagerImpl.loadOntologyFromOntologyDocument(OWLOntologyManagerImpl.java:1186)


--------------------------------------------------------------------------------
Parser: org.semanticweb.owlapi.rio.RioParserImpl : org.semanticweb.owlapi.formats.RDFJsonLDDocumentFormatFactory@dcacc47d
    Stack trace:
org.eclipse.rdf4j.rio.RDFParseException: Could not parse JSONLD [line 1, column 8]        org.semanticweb.owlapi.rio.RioParserImpl.parse(RioParserImpl.java:189)
        uk.ac.manchester.cs.owl.owlapi.OWLOntologyFactoryImpl.loadOWLOntology(OWLOntologyFactoryImpl.java:220)
        uk.ac.manchester.cs.owl.owlapi.OWLOntologyManagerImpl.actualParse(OWLOntologyManagerImpl.java:1303)
        uk.ac.manchester.cs.owl.owlapi.OWLOntologyManagerImpl.loadOntology(OWLOntologyManagerImpl.java:1243)
        uk.ac.manchester.cs.owl.owlapi.OWLOntologyManagerImpl.loadOntologyFromOntologyDocument(OWLOntologyManagerImpl.java:1186)
        org.protege.editor.owl.model.repository.extractors.LastResortExtractor.getOntologyId(LastResortExtractor.java:21)
        org.protege.editor.owl.model.repository.MasterOntologyIDExtractor.getOntologyId(MasterOntologyIDExtractor.java:26)
        org.protege.editor.owl.ui.ontology.imports.wizard.page.AnticipateOntologyIdPage.checkImport(AnticipateOntologyIdPage.java:109)
        org.protege.editor.owl.ui.ontology.imports.wizard.page.AnticipateOntologyIdPage.lambda$new$0(AnticipateOntologyIdPage.java:44)
        java.base/java.lang.Thread.run(Unknown Source)
Could not parse JSONLD [line 1, column 8]        org.eclipse.rdf4j.rio.jsonld.JSONLDParser.parse(JSONLDParser.java:133)
        org.eclipse.rdf4j.rio.jsonld.JSONLDParser.parse(JSONLDParser.java:91)
        org.semanticweb.owlapi.rio.RioParserImpl.parseDocumentSource(RioParserImpl.java:245)
        org.semanticweb.owlapi.rio.RioParserImpl.parse(RioParserImpl.java:185)
        uk.ac.manchester.cs.owl.owlapi.OWLOntologyFactoryImpl.loadOWLOntology(OWLOntologyFactoryImpl.java:220)
        uk.ac.manchester.cs.owl.owlapi.OWLOntologyManagerImpl.actualParse(OWLOntologyManagerImpl.java:1303)
        uk.ac.manchester.cs.owl.owlapi.OWLOntologyManagerImpl.loadOntology(OWLOntologyManagerImpl.java:1243)
        uk.ac.manchester.cs.owl.owlapi.OWLOntologyManagerImpl.loadOntologyFromOntologyDocument(OWLOntologyManagerImpl.java:1186)
        org.protege.editor.owl.model.repository.extractors.LastResortExtractor.getOntologyId(LastResortExtractor.java:21)
        org.protege.editor.owl.model.repository.MasterOntologyIDExtractor.getOntologyId(MasterOntologyIDExtractor.java:26)
Unrecognized token 'Prefix': was expecting (JSON String, Number, Array, Object or token 'null', 'true' or 'false')
 at [Source: REDACTED (`StreamReadFeature.INCLUDE_SOURCE_IN_LOCATION` disabled); line: 1, column: 8]        com.fasterxml.jackson.core.JsonParser._constructError(JsonParser.java:2481)
        com.fasterxml.jackson.core.base.ParserMinimalBase._reportError(ParserMinimalBase.java:762)
        com.fasterxml.jackson.core.json.UTF8StreamJsonParser._reportInvalidToken(UTF8StreamJsonParser.java:3703)
        com.fasterxml.jackson.core.json.UTF8StreamJsonParser._handleUnexpectedValue(UTF8StreamJsonParser.java:2791)
        com.fasterxml.jackson.core.json.UTF8StreamJsonParser._nextTokenNotInObject(UTF8StreamJsonParser.java:911)
        com.fasterxml.jackson.core.json.UTF8StreamJsonParser.nextToken(UTF8StreamJsonParser.java:797)
        com.github.jsonldjava.utils.JsonUtils.fromJsonParser(JsonUtils.java:202)
        org.eclipse.rdf4j.rio.jsonld.JSONLDParser.getJSONObject(JSONLDParser.java:146)
        org.eclipse.rdf4j.rio.jsonld.JSONLDParser.parse(JSONLDParser.java:126)
        org.eclipse.rdf4j.rio.jsonld.JSONLDParser.parse(JSONLDParser.java:91)


--------------------------------------------------------------------------------
Parser: org.semanticweb.owlapi.rio.RioParserImpl : org.semanticweb.owlapi.formats.N3DocumentFormatFactory@9a5
    Stack trace:
org.eclipse.rdf4j.rio.RDFParseException: Namespace prefix 'Prefix' used but not defined [line 1]        org.semanticweb.owlapi.rio.RioParserImpl.parse(RioParserImpl.java:189)
        uk.ac.manchester.cs.owl.owlapi.OWLOntologyFactoryImpl.loadOWLOntology(OWLOntologyFactoryImpl.java:220)
        uk.ac.manchester.cs.owl.owlapi.OWLOntologyManagerImpl.actualParse(OWLOntologyManagerImpl.java:1303)
        uk.ac.manchester.cs.owl.owlapi.OWLOntologyManagerImpl.loadOntology(OWLOntologyManagerImpl.java:1243)
        uk.ac.manchester.cs.owl.owlapi.OWLOntologyManagerImpl.loadOntologyFromOntologyDocument(OWLOntologyManagerImpl.java:1186)
        org.protege.editor.owl.model.repository.extractors.LastResortExtractor.getOntologyId(LastResortExtractor.java:21)
        org.protege.editor.owl.model.repository.MasterOntologyIDExtractor.getOntologyId(MasterOntologyIDExtractor.java:26)
        org.protege.editor.owl.ui.ontology.imports.wizard.page.AnticipateOntologyIdPage.checkImport(AnticipateOntologyIdPage.java:109)
        org.protege.editor.owl.ui.ontology.imports.wizard.page.AnticipateOntologyIdPage.lambda$new$0(AnticipateOntologyIdPage.java:44)
        java.base/java.lang.Thread.run(Unknown Source)
Namespace prefix 'Prefix' used but not defined [line 1]        org.eclipse.rdf4j.rio.helpers.RDFParserHelper.reportFatalError(RDFParserHelper.java:340)
        org.eclipse.rdf4j.rio.helpers.AbstractRDFParser.reportFatalError(AbstractRDFParser.java:747)
        org.eclipse.rdf4j.rio.turtle.TurtleParser.reportFatalError(TurtleParser.java:1307)
        org.eclipse.rdf4j.rio.helpers.AbstractRDFParser.getNamespace(AbstractRDFParser.java:345)
        org.eclipse.rdf4j.rio.turtle.TurtleParser.parseQNameOrBoolean(TurtleParser.java:1002)
        org.eclipse.rdf4j.rio.turtle.TurtleParser.parseValue(TurtleParser.java:572)
        org.eclipse.rdf4j.rio.turtle.TurtleParser.parseSubject(TurtleParser.java:396)
        org.eclipse.rdf4j.rio.turtle.TurtleParser.parseTriples(TurtleParser.java:331)
        org.eclipse.rdf4j.rio.turtle.TurtleParser.parseStatement(TurtleParser.java:200)
        org.eclipse.rdf4j.rio.turtle.TurtleParser.parse(TurtleParser.java:162)


--------------------------------------------------------------------------------
Parser: org.semanticweb.owlapi.rio.RioParserImpl : org.semanticweb.owlapi.formats.RioRDFXMLDocumentFormatFactory@69b9a3bc
    Stack trace:
org.eclipse.rdf4j.rio.RDFParseException: O conteúdo não é permitido no prólogo. [line 1, column 1]        org.semanticweb.owlapi.rio.RioParserImpl.parse(RioParserImpl.java:189)
        uk.ac.manchester.cs.owl.owlapi.OWLOntologyFactoryImpl.loadOWLOntology(OWLOntologyFactoryImpl.java:220)
        uk.ac.manchester.cs.owl.owlapi.OWLOntologyManagerImpl.actualParse(OWLOntologyManagerImpl.java:1303)
        uk.ac.manchester.cs.owl.owlapi.OWLOntologyManagerImpl.loadOntology(OWLOntologyManagerImpl.java:1243)
        uk.ac.manchester.cs.owl.owlapi.OWLOntologyManagerImpl.loadOntologyFromOntologyDocument(OWLOntologyManagerImpl.java:1186)
        org.protege.editor.owl.model.repository.extractors.LastResortExtractor.getOntologyId(LastResortExtractor.java:21)
        org.protege.editor.owl.model.repository.MasterOntologyIDExtractor.getOntologyId(MasterOntologyIDExtractor.java:26)
        org.protege.editor.owl.ui.ontology.imports.wizard.page.AnticipateOntologyIdPage.checkImport(AnticipateOntologyIdPage.java:109)
        org.protege.editor.owl.ui.ontology.imports.wizard.page.AnticipateOntologyIdPage.lambda$new$0(AnticipateOntologyIdPage.java:44)
        java.base/java.lang.Thread.run(Unknown Source)
O conteúdo não é permitido no prólogo. [line 1, column 1]        org.eclipse.rdf4j.rio.helpers.RDFParserHelper.reportFatalError(RDFParserHelper.java:373)
        org.eclipse.rdf4j.rio.helpers.AbstractRDFParser.reportFatalError(AbstractRDFParser.java:772)
        org.eclipse.rdf4j.rio.rdfxml.RDFXMLParser.reportFatalError(RDFXMLParser.java:1017)
        org.eclipse.rdf4j.rio.rdfxml.RDFXMLParser.fatalError(RDFXMLParser.java:1148)
        java.xml/com.sun.org.apache.xerces.internal.util.ErrorHandlerWrapper.fatalError(Unknown Source)
        java.xml/com.sun.org.apache.xerces.internal.impl.XMLErrorReporter.reportError(Unknown Source)
        java.xml/com.sun.org.apache.xerces.internal.impl.XMLErrorReporter.reportError(Unknown Source)
        java.xml/com.sun.org.apache.xerces.internal.impl.XMLScanner.reportFatalError(Unknown Source)
        java.xml/com.sun.org.apache.xerces.internal.impl.XMLDocumentScannerImpl$PrologDriver.next(Unknown Source)
        java.xml/com.sun.org.apache.xerces.internal.impl.XMLDocumentScannerImpl.next(Unknown Source)
O conteúdo não é permitido no prólogo.        java.xml/com.sun.org.apache.xerces.internal.util.ErrorHandlerWrapper.createSAXParseException(Unknown Source)
        java.xml/com.sun.org.apache.xerces.internal.util.ErrorHandlerWrapper.fatalError(Unknown Source)
        java.xml/com.sun.org.apache.xerces.internal.impl.XMLErrorReporter.reportError(Unknown Source)
        java.xml/com.sun.org.apache.xerces.internal.impl.XMLErrorReporter.reportError(Unknown Source)
        java.xml/com.sun.org.apache.xerces.internal.impl.XMLScanner.reportFatalError(Unknown Source)
        java.xml/com.sun.org.apache.xerces.internal.impl.XMLDocumentScannerImpl$PrologDriver.next(Unknown Source)
        java.xml/com.sun.org.apache.xerces.internal.impl.XMLDocumentScannerImpl.next(Unknown Source)
        java.xml/com.sun.org.apache.xerces.internal.impl.XMLNSDocumentScannerImpl.next(Unknown Source)
        java.xml/com.sun.org.apache.xerces.internal.impl.XMLDocumentFragmentScannerImpl.scanDocument(Unknown Source)
        java.xml/com.sun.org.apache.xerces.internal.parsers.XML11Configuration.parse(Unknown Source)


--------------------------------------------------------------------------------
Parser: org.semanticweb.owlapi.rdf.turtle.parser.TurtleOntologyParser@13e1fa31
    Stack trace:
org.semanticweb.owlapi.rdf.turtle.parser.ParseException: Prefix not declared: Prefix:        org.semanticweb.owlapi.rdf.turtle.parser.TurtleOntologyParser.parse(TurtleOntologyParser.java:114)
        uk.ac.manchester.cs.owl.owlapi.OWLOntologyFactoryImpl.loadOWLOntology(OWLOntologyFactoryImpl.java:220)
        uk.ac.manchester.cs.owl.owlapi.OWLOntologyManagerImpl.actualParse(OWLOntologyManagerImpl.java:1303)
        uk.ac.manchester.cs.owl.owlapi.OWLOntologyManagerImpl.loadOntology(OWLOntologyManagerImpl.java:1243)
        uk.ac.manchester.cs.owl.owlapi.OWLOntologyManagerImpl.loadOntologyFromOntologyDocument(OWLOntologyManagerImpl.java:1186)
        org.protege.editor.owl.model.repository.extractors.LastResortExtractor.getOntologyId(LastResortExtractor.java:21)
        org.protege.editor.owl.model.repository.MasterOntologyIDExtractor.getOntologyId(MasterOntologyIDExtractor.java:26)
        org.protege.editor.owl.ui.ontology.imports.wizard.page.AnticipateOntologyIdPage.checkImport(AnticipateOntologyIdPage.java:109)
        org.protege.editor.owl.ui.ontology.imports.wizard.page.AnticipateOntologyIdPage.lambda$new$0(AnticipateOntologyIdPage.java:44)
        java.base/java.lang.Thread.run(Unknown Source)
Prefix not declared: Prefix:        org.semanticweb.owlapi.rdf.turtle.parser.TurtleParser.getIRIFromQName(TurtleParser.java:118)
        org.semanticweb.owlapi.rdf.turtle.parser.TurtleParser.parseLoneNS(TurtleParser.java:225)
        org.semanticweb.owlapi.rdf.turtle.parser.TurtleParser.parseResource(TurtleParser.java:326)
        org.semanticweb.owlapi.rdf.turtle.parser.TurtleParser.parseSubject(TurtleParser.java:212)
        org.semanticweb.owlapi.rdf.turtle.parser.TurtleParser.parseTriples(TurtleParser.java:202)
        org.semanticweb.owlapi.rdf.turtle.parser.TurtleParser.parseStatement(TurtleParser.java:198)
        org.semanticweb.owlapi.rdf.turtle.parser.TurtleParser.parseDocument(TurtleParser.java:152)
        org.semanticweb.owlapi.rdf.turtle.parser.TurtleOntologyParser.parse(TurtleOntologyParser.java:107)
        uk.ac.manchester.cs.owl.owlapi.OWLOntologyFactoryImpl.loadOWLOntology(OWLOntologyFactoryImpl.java:220)
        uk.ac.manchester.cs.owl.owlapi.OWLOntologyManagerImpl.actualParse(OWLOntologyManagerImpl.java:1303)


--------------------------------------------------------------------------------
Parser: org.semanticweb.owlapi.oboformat.OBOFormatOWLAPIParser@2de69a90
    Stack trace:
LINENO: 16 - Expected at least one white space, but found end of line at pos: 12
LINE: Annotations:        org.semanticweb.owlapi.oboformat.OBOFormatOWLAPIParser.parse(OBOFormatOWLAPIParser.java:109)
        uk.ac.manchester.cs.owl.owlapi.OWLOntologyFactoryImpl.loadOWLOntology(OWLOntologyFactoryImpl.java:220)
        uk.ac.manchester.cs.owl.owlapi.OWLOntologyManagerImpl.actualParse(OWLOntologyManagerImpl.java:1303)
        uk.ac.manchester.cs.owl.owlapi.OWLOntologyManagerImpl.loadOntology(OWLOntologyManagerImpl.java:1243)
        uk.ac.manchester.cs.owl.owlapi.OWLOntologyManagerImpl.loadOntologyFromOntologyDocument(OWLOntologyManagerImpl.java:1186)
        org.protege.editor.owl.model.repository.extractors.LastResortExtractor.getOntologyId(LastResortExtractor.java:21)
        org.protege.editor.owl.model.repository.MasterOntologyIDExtractor.getOntologyId(MasterOntologyIDExtractor.java:26)
        org.protege.editor.owl.ui.ontology.imports.wizard.page.AnticipateOntologyIdPage.checkImport(AnticipateOntologyIdPage.java:109)
        org.protege.editor.owl.ui.ontology.imports.wizard.page.AnticipateOntologyIdPage.lambda$new$0(AnticipateOntologyIdPage.java:44)
        java.base/java.lang.Thread.run(Unknown Source)
LINENO: 16 - Expected at least one white space, but found end of line at pos: 12
LINE: Annotations:        org.obolibrary.oboformat.parser.OBOFormatParser.error(OBOFormatParser.java:1338)
        org.obolibrary.oboformat.parser.OBOFormatParser.parseWs(OBOFormatParser.java:1216)
        org.obolibrary.oboformat.parser.OBOFormatParser.getParseTag(OBOFormatParser.java:752)
        org.obolibrary.oboformat.parser.OBOFormatParser.parseHeaderClause(OBOFormatParser.java:425)
        org.obolibrary.oboformat.parser.OBOFormatParser.parseHeaderClauseNl(OBOFormatParser.java:418)
        org.obolibrary.oboformat.parser.OBOFormatParser.parseHeaderFrame(OBOFormatParser.java:401)
        org.obolibrary.oboformat.parser.OBOFormatParser.parseOBODoc(OBOFormatParser.java:283)
        org.obolibrary.oboformat.parser.OBOFormatParser.parse(OBOFormatParser.java:248)
        org.semanticweb.owlapi.oboformat.OBOFormatOWLAPIParser.parse(OBOFormatOWLAPIParser.java:91)
        uk.ac.manchester.cs.owl.owlapi.OWLOntologyFactoryImpl.loadOWLOntology(OWLOntologyFactoryImpl.java:220)


--------------------------------------------------------------------------------
Parser: org.semanticweb.owlapi.krss2.parser.KRSS2OWLParser@2faafeff
    Stack trace:
org.semanticweb.owlapi.krss2.parser.ParseException: Encountered " <NAME> "Prefix: "" at line 1, column 1.
Was expecting:
    <EOF> 
            org.semanticweb.owlapi.krss2.parser.KRSS2OWLParser.parse(KRSS2OWLParser.java:297)
        uk.ac.manchester.cs.owl.owlapi.OWLOntologyFactoryImpl.loadOWLOntology(OWLOntologyFactoryImpl.java:220)
        uk.ac.manchester.cs.owl.owlapi.OWLOntologyManagerImpl.actualParse(OWLOntologyManagerImpl.java:1303)
        uk.ac.manchester.cs.owl.owlapi.OWLOntologyManagerImpl.loadOntology(OWLOntologyManagerImpl.java:1243)
        uk.ac.manchester.cs.owl.owlapi.OWLOntologyManagerImpl.loadOntologyFromOntologyDocument(OWLOntologyManagerImpl.java:1186)
        org.protege.editor.owl.model.repository.extractors.LastResortExtractor.getOntologyId(LastResortExtractor.java:21)
        org.protege.editor.owl.model.repository.MasterOntologyIDExtractor.getOntologyId(MasterOntologyIDExtractor.java:26)
        org.protege.editor.owl.ui.ontology.imports.wizard.page.AnticipateOntologyIdPage.checkImport(AnticipateOntologyIdPage.java:109)
        org.protege.editor.owl.ui.ontology.imports.wizard.page.AnticipateOntologyIdPage.lambda$new$0(AnticipateOntologyIdPage.java:44)
        java.base/java.lang.Thread.run(Unknown Source)
Encountered " <NAME> "Prefix: "" at line 1, column 1.
Was expecting:
    <EOF> 
            org.semanticweb.owlapi.krss2.parser.KRSS2Parser.generateParseException(KRSS2Parser.java:3187)
        org.semanticweb.owlapi.krss2.parser.KRSS2Parser.jj_consume_token(KRSS2Parser.java:3040)
        org.semanticweb.owlapi.krss2.parser.KRSS2Parser.parse(KRSS2Parser.java:141)
        org.semanticweb.owlapi.krss2.parser.KRSS2OWLParser.parse(KRSS2OWLParser.java:294)
        uk.ac.manchester.cs.owl.owlapi.OWLOntologyFactoryImpl.loadOWLOntology(OWLOntologyFactoryImpl.java:220)
        uk.ac.manchester.cs.owl.owlapi.OWLOntologyManagerImpl.actualParse(OWLOntologyManagerImpl.java:1303)
        uk.ac.manchester.cs.owl.owlapi.OWLOntologyManagerImpl.loadOntology(OWLOntologyManagerImpl.java:1243)
        uk.ac.manchester.cs.owl.owlapi.OWLOntologyManagerImpl.loadOntologyFromOntologyDocument(OWLOntologyManagerImpl.java:1186)
        org.protege.editor.owl.model.repository.extractors.LastResortExtractor.getOntologyId(LastResortExtractor.java:21)
        org.protege.editor.owl.model.repository.MasterOntologyIDExtractor.getOntologyId(MasterOntologyIDExtractor.java:26)


--------------------------------------------------------------------------------
Parser: org.semanticweb.owlapi.rio.RioParserImpl : org.semanticweb.owlapi.formats.RDFaDocumentFormatFactory@264e8d
    Stack trace:
org.eclipse.rdf4j.rio.UnsupportedRDFormatException: Did not recognise RDF format object RDFa (mimeTypes=application/xhtml+xml, application/html, text/html; ext=xhtml, html)        org.semanticweb.owlapi.rio.RioParserImpl.parse(RioParserImpl.java:200)
        uk.ac.manchester.cs.owl.owlapi.OWLOntologyFactoryImpl.loadOWLOntology(OWLOntologyFactoryImpl.java:220)
        uk.ac.manchester.cs.owl.owlapi.OWLOntologyManagerImpl.actualParse(OWLOntologyManagerImpl.java:1303)
        uk.ac.manchester.cs.owl.owlapi.OWLOntologyManagerImpl.loadOntology(OWLOntologyManagerImpl.java:1243)
        uk.ac.manchester.cs.owl.owlapi.OWLOntologyManagerImpl.loadOntologyFromOntologyDocument(OWLOntologyManagerImpl.java:1186)
        org.protege.editor.owl.model.repository.extractors.LastResortExtractor.getOntologyId(LastResortExtractor.java:21)
        org.protege.editor.owl.model.repository.MasterOntologyIDExtractor.getOntologyId(MasterOntologyIDExtractor.java:26)
        org.protege.editor.owl.ui.ontology.imports.wizard.page.AnticipateOntologyIdPage.checkImport(AnticipateOntologyIdPage.java:109)
        org.protege.editor.owl.ui.ontology.imports.wizard.page.AnticipateOntologyIdPage.lambda$new$0(AnticipateOntologyIdPage.java:44)
        java.base/java.lang.Thread.run(Unknown Source)
Did not recognise RDF format object RDFa (mimeTypes=application/xhtml+xml, application/html, text/html; ext=xhtml, html)        org.eclipse.rdf4j.rio.Rio.lambda$unsupportedFormat$0(Rio.java:690)
        java.base/java.util.Optional.orElseThrow(Unknown Source)
        org.eclipse.rdf4j.rio.Rio.createParser(Rio.java:96)
        org.semanticweb.owlapi.rio.RioParserImpl.parseDocumentSource(RioParserImpl.java:225)
        org.semanticweb.owlapi.rio.RioParserImpl.parse(RioParserImpl.java:185)
        uk.ac.manchester.cs.owl.owlapi.OWLOntologyFactoryImpl.loadOWLOntology(OWLOntologyFactoryImpl.java:220)
        uk.ac.manchester.cs.owl.owlapi.OWLOntologyManagerImpl.actualParse(OWLOntologyManagerImpl.java:1303)
        uk.ac.manchester.cs.owl.owlapi.OWLOntologyManagerImpl.loadOntology(OWLOntologyManagerImpl.java:1243)
        uk.ac.manchester.cs.owl.owlapi.OWLOntologyManagerImpl.loadOntologyFromOntologyDocument(OWLOntologyManagerImpl.java:1186)
        org.protege.editor.owl.model.repository.extractors.LastResortExtractor.getOntologyId(LastResortExtractor.java:21)



	at uk.ac.manchester.cs.owl.owlapi.OWLOntologyFactoryImpl.loadOWLOntology(OWLOntologyFactoryImpl.java:257)
	at uk.ac.manchester.cs.owl.owlapi.OWLOntologyManagerImpl.actualParse(OWLOntologyManagerImpl.java:1303)
	at uk.ac.manchester.cs.owl.owlapi.OWLOntologyManagerImpl.loadOntology(OWLOntologyManagerImpl.java:1243)
	at uk.ac.manchester.cs.owl.owlapi.OWLOntologyManagerImpl.loadOntologyFromOntologyDocument(OWLOntologyManagerImpl.java:1186)
	at org.protege.editor.owl.model.repository.extractors.LastResortExtractor.getOntologyId(LastResortExtractor.java:21)
	at org.protege.editor.owl.model.repository.MasterOntologyIDExtractor.getOntologyId(MasterOntologyIDExtractor.java:26)
	at org.protege.editor.owl.ui.ontology.imports.wizard.page.AnticipateOntologyIdPage.checkImport(AnticipateOntologyIdPage.java:109)
	at org.protege.editor.owl.ui.ontology.imports.wizard.page.AnticipateOntologyIdPage.lambda$new$0(AnticipateOntologyIdPage.java:44)
	at java.base/java.lang.Thread.run(Unknown Source)
2026-06-25 14:11:57.992 [Thread-4] ERROR AnticipateOntologyIdPage    An error occurred whilst extracting the Ontology Id from the imported ontology: {}
java.lang.NullPointerException: null
	at org.protege.editor.owl.model.repository.MasterOntologyIDExtractor.getOntologyId(MasterOntologyIDExtractor.java:27)
	at org.protege.editor.owl.ui.ontology.imports.wizard.page.AnticipateOntologyIdPage.checkImport(AnticipateOntologyIdPage.java:109)
	at org.protege.editor.owl.ui.ontology.imports.wizard.page.AnticipateOntologyIdPage.lambda$new$0(AnticipateOntologyIdPage.java:44)
	at java.base/java.lang.Thread.run(Unknown Source)
2026-06-25 14:11:59.819 [pool-12-thread-1] INFO  AddImportsStrategy    -------------------- Importing ontology and imports closure --------------------
2026-06-25 14:26:24.455 [Thread-5] INFO  LastResortExtractor    Exception caught trying to get ontology id for file:/C:/Workspace/artigos/Ontologia%20de%20Solos/Pesquisa%20SCOPUS/OWL/Soil-Property-Process.owl
org.semanticweb.owlapi.io.UnparsableOntologyException: Problem parsing file:/C:/Workspace/artigos/Ontologia%20de%20Solos/Pesquisa%20SCOPUS/OWL/Soil-Property-Process.owl
Could not parse ontology.  Either a suitable parser could not be found, or parsing failed.  See parser logs below for explanation.
The following parsers were tried:
1) org.semanticweb.owlapi.rdf.rdfxml.parser.RDFXMLParser@3852f54a
2) org.semanticweb.owlapi.owlxml.parser.OWLXMLParser@2d4bda5e
3) org.semanticweb.owlapi.functional.parser.OWLFunctionalSyntaxOWLParser@118305ca
4) org.semanticweb.owlapi.rio.RioParserImpl : org.semanticweb.owlapi.formats.RioTurtleDocumentFormatFactory@95fd655c
5) org.semanticweb.owlapi.manchestersyntax.parser.ManchesterOWLSyntaxOntologyParser@4106ca7e
6) org.semanticweb.owlapi.rio.RioParserImpl : org.semanticweb.owlapi.formats.NQuadsDocumentFormatFactory@6f9c39ad
7) org.semanticweb.owlapi.rio.RioParserImpl : org.semanticweb.owlapi.formats.RDFJsonDocumentFormatFactory@cd748dc3
8) org.semanticweb.owlapi.rio.RioParserImpl : org.semanticweb.owlapi.formats.TrigDocumentFormatFactory@27e81c
9) org.semanticweb.owlapi.rio.RioParserImpl : org.semanticweb.owlapi.formats.NTriplesDocumentFormatFactory@937ecd36
10) org.semanticweb.owlapi.rio.RioParserImpl : org.semanticweb.owlapi.formats.BinaryRDFDocumentFormatFactory@3bf24493
11) org.semanticweb.owlapi.rio.RioParserImpl : org.semanticweb.owlapi.formats.RDFJsonLDDocumentFormatFactory@dcacc47d
12) org.semanticweb.owlapi.rio.RioParserImpl : org.semanticweb.owlapi.formats.N3DocumentFormatFactory@9a5
13) org.semanticweb.owlapi.rio.RioParserImpl : org.semanticweb.owlapi.formats.RioRDFXMLDocumentFormatFactory@69b9a3bc
14) org.semanticweb.owlapi.rdf.turtle.parser.TurtleOntologyParser@969cf86
15) org.semanticweb.owlapi.oboformat.OBOFormatOWLAPIParser@3040f83c
16) org.semanticweb.owlapi.krss2.parser.KRSS2OWLParser@1225caa7
17) org.semanticweb.owlapi.rio.RioParserImpl : org.semanticweb.owlapi.formats.RDFaDocumentFormatFactory@264e8d


Detailed logs:
--------------------------------------------------------------------------------
Parser: org.semanticweb.owlapi.rdf.rdfxml.parser.RDFXMLParser@3852f54a
    Stack trace:
org.xml.sax.SAXParseException; systemId: file:/C:/Workspace/artigos/Ontologia%20de%20Solos/Pesquisa%20SCOPUS/OWL/Soil-Property-Process.owl; lineNumber: 1; columnNumber: 1; O conteúdo não é permitido no prólogo.        org.semanticweb.owlapi.rdf.rdfxml.parser.RDFXMLParser.parse(RDFXMLParser.java:76)
        uk.ac.manchester.cs.owl.owlapi.OWLOntologyFactoryImpl.loadOWLOntology(OWLOntologyFactoryImpl.java:220)
        uk.ac.manchester.cs.owl.owlapi.OWLOntologyManagerImpl.actualParse(OWLOntologyManagerImpl.java:1303)
        uk.ac.manchester.cs.owl.owlapi.OWLOntologyManagerImpl.loadOntology(OWLOntologyManagerImpl.java:1243)
        uk.ac.manchester.cs.owl.owlapi.OWLOntologyManagerImpl.loadOntologyFromOntologyDocument(OWLOntologyManagerImpl.java:1186)
        org.protege.editor.owl.model.repository.extractors.LastResortExtractor.getOntologyId(LastResortExtractor.java:21)
        org.protege.editor.owl.model.repository.MasterOntologyIDExtractor.getOntologyId(MasterOntologyIDExtractor.java:26)
        org.protege.editor.owl.ui.ontology.imports.wizard.page.AnticipateOntologyIdPage.checkImport(AnticipateOntologyIdPage.java:109)
        org.protege.editor.owl.ui.ontology.imports.wizard.page.AnticipateOntologyIdPage.lambda$new$0(AnticipateOntologyIdPage.java:44)
        java.base/java.lang.Thread.run(Unknown Source)
O conteúdo não é permitido no prólogo.        java.xml/com.sun.org.apache.xerces.internal.util.ErrorHandlerWrapper.createSAXParseException(Unknown Source)
        java.xml/com.sun.org.apache.xerces.internal.util.ErrorHandlerWrapper.fatalError(Unknown Source)
        java.xml/com.sun.org.apache.xerces.internal.impl.XMLErrorReporter.reportError(Unknown Source)
        java.xml/com.sun.org.apache.xerces.internal.impl.XMLErrorReporter.reportError(Unknown Source)
        java.xml/com.sun.org.apache.xerces.internal.impl.XMLScanner.reportFatalError(Unknown Source)
        java.xml/com.sun.org.apache.xerces.internal.impl.XMLDocumentScannerImpl$PrologDriver.next(Unknown Source)
        java.xml/com.sun.org.apache.xerces.internal.impl.XMLDocumentScannerImpl.next(Unknown Source)
        java.xml/com.sun.org.apache.xerces.internal.impl.XMLNSDocumentScannerImpl.next(Unknown Source)
        java.xml/com.sun.org.apache.xerces.internal.impl.XMLDocumentFragmentScannerImpl.scanDocument(Unknown Source)
        java.xml/com.sun.org.apache.xerces.internal.parsers.XML11Configuration.parse(Unknown Source)


--------------------------------------------------------------------------------
Parser: org.semanticweb.owlapi.owlxml.parser.OWLXMLParser@2d4bda5e
    Stack trace:
org.xml.sax.SAXParseException; systemId: file:/C:/Workspace/artigos/Ontologia%20de%20Solos/Pesquisa%20SCOPUS/OWL/Soil-Property-Process.owl; lineNumber: 1; columnNumber: 1; O conteúdo não é permitido no prólogo.        org.semanticweb.owlapi.owlxml.parser.OWLXMLParser.parse(OWLXMLParser.java:77)
        uk.ac.manchester.cs.owl.owlapi.OWLOntologyFactoryImpl.loadOWLOntology(OWLOntologyFactoryImpl.java:220)
        uk.ac.manchester.cs.owl.owlapi.OWLOntologyManagerImpl.actualParse(OWLOntologyManagerImpl.java:1303)
        uk.ac.manchester.cs.owl.owlapi.OWLOntologyManagerImpl.loadOntology(OWLOntologyManagerImpl.java:1243)
        uk.ac.manchester.cs.owl.owlapi.OWLOntologyManagerImpl.loadOntologyFromOntologyDocument(OWLOntologyManagerImpl.java:1186)
        org.protege.editor.owl.model.repository.extractors.LastResortExtractor.getOntologyId(LastResortExtractor.java:21)
        org.protege.editor.owl.model.repository.MasterOntologyIDExtractor.getOntologyId(MasterOntologyIDExtractor.java:26)
        org.protege.editor.owl.ui.ontology.imports.wizard.page.AnticipateOntologyIdPage.checkImport(AnticipateOntologyIdPage.java:109)
        org.protege.editor.owl.ui.ontology.imports.wizard.page.AnticipateOntologyIdPage.lambda$new$0(AnticipateOntologyIdPage.java:44)
        java.base/java.lang.Thread.run(Unknown Source)
O conteúdo não é permitido no prólogo.        java.xml/com.sun.org.apache.xerces.internal.util.ErrorHandlerWrapper.createSAXParseException(Unknown Source)
        java.xml/com.sun.org.apache.xerces.internal.util.ErrorHandlerWrapper.fatalError(Unknown Source)
        java.xml/com.sun.org.apache.xerces.internal.impl.XMLErrorReporter.reportError(Unknown Source)
        java.xml/com.sun.org.apache.xerces.internal.impl.XMLErrorReporter.reportError(Unknown Source)
        java.xml/com.sun.org.apache.xerces.internal.impl.XMLScanner.reportFatalError(Unknown Source)
        java.xml/com.sun.org.apache.xerces.internal.impl.XMLDocumentScannerImpl$PrologDriver.next(Unknown Source)
        java.xml/com.sun.org.apache.xerces.internal.impl.XMLDocumentScannerImpl.next(Unknown Source)
        java.xml/com.sun.org.apache.xerces.internal.impl.XMLNSDocumentScannerImpl.next(Unknown Source)
        java.xml/com.sun.org.apache.xerces.internal.impl.XMLDocumentFragmentScannerImpl.scanDocument(Unknown Source)
        java.xml/com.sun.org.apache.xerces.internal.parsers.XML11Configuration.parse(Unknown Source)


--------------------------------------------------------------------------------
Parser: org.semanticweb.owlapi.functional.parser.OWLFunctionalSyntaxOWLParser@118305ca
    Stack trace:
Encountered " <PNAME_NS> "Prefix: "" at line 1, column 1.
Was expecting one of:
    "Ontology" ...
    "Prefix" ...
     (Line 0 column 0)        org.semanticweb.owlapi.functional.parser.OWLFunctionalSyntaxOWLParser.parse(OWLFunctionalSyntaxOWLParser.java:103)
        uk.ac.manchester.cs.owl.owlapi.OWLOntologyFactoryImpl.loadOWLOntology(OWLOntologyFactoryImpl.java:220)
        uk.ac.manchester.cs.owl.owlapi.OWLOntologyManagerImpl.actualParse(OWLOntologyManagerImpl.java:1303)
        uk.ac.manchester.cs.owl.owlapi.OWLOntologyManagerImpl.loadOntology(OWLOntologyManagerImpl.java:1243)
        uk.ac.manchester.cs.owl.owlapi.OWLOntologyManagerImpl.loadOntologyFromOntologyDocument(OWLOntologyManagerImpl.java:1186)
        org.protege.editor.owl.model.repository.extractors.LastResortExtractor.getOntologyId(LastResortExtractor.java:21)
        org.protege.editor.owl.model.repository.MasterOntologyIDExtractor.getOntologyId(MasterOntologyIDExtractor.java:26)
        org.protege.editor.owl.ui.ontology.imports.wizard.page.AnticipateOntologyIdPage.checkImport(AnticipateOntologyIdPage.java:109)
        org.protege.editor.owl.ui.ontology.imports.wizard.page.AnticipateOntologyIdPage.lambda$new$0(AnticipateOntologyIdPage.java:44)
        java.base/java.lang.Thread.run(Unknown Source)
Encountered " <PNAME_NS> "Prefix: "" at line 1, column 1.
Was expecting one of:
    "Ontology" ...
    "Prefix" ...
            org.semanticweb.owlapi.functional.parser.OWLFunctionalSyntaxParser.generateParseException(OWLFunctionalSyntaxParser.java:2617)
        org.semanticweb.owlapi.functional.parser.OWLFunctionalSyntaxParser.jj_consume_token(OWLFunctionalSyntaxParser.java:2543)
        org.semanticweb.owlapi.functional.parser.OWLFunctionalSyntaxParser.Ontology(OWLFunctionalSyntaxParser.java:136)
        org.semanticweb.owlapi.functional.parser.OWLFunctionalSyntaxParser.parse(OWLFunctionalSyntaxParser.java:121)
        org.semanticweb.owlapi.functional.parser.OWLFunctionalSyntaxOWLParser.parse(OWLFunctionalSyntaxOWLParser.java:101)
        uk.ac.manchester.cs.owl.owlapi.OWLOntologyFactoryImpl.loadOWLOntology(OWLOntologyFactoryImpl.java:220)
        uk.ac.manchester.cs.owl.owlapi.OWLOntologyManagerImpl.actualParse(OWLOntologyManagerImpl.java:1303)
        uk.ac.manchester.cs.owl.owlapi.OWLOntologyManagerImpl.loadOntology(OWLOntologyManagerImpl.java:1243)
        uk.ac.manchester.cs.owl.owlapi.OWLOntologyManagerImpl.loadOntologyFromOntologyDocument(OWLOntologyManagerImpl.java:1186)
        org.protege.editor.owl.model.repository.extractors.LastResortExtractor.getOntologyId(LastResortExtractor.java:21)


--------------------------------------------------------------------------------
Parser: org.semanticweb.owlapi.rio.RioParserImpl : org.semanticweb.owlapi.formats.RioTurtleDocumentFormatFactory@95fd655c
    Stack trace:
org.eclipse.rdf4j.rio.RDFParseException: Namespace prefix 'Prefix' used but not defined [line 1]        org.semanticweb.owlapi.rio.RioParserImpl.parse(RioParserImpl.java:189)
        uk.ac.manchester.cs.owl.owlapi.OWLOntologyFactoryImpl.loadOWLOntology(OWLOntologyFactoryImpl.java:220)
        uk.ac.manchester.cs.owl.owlapi.OWLOntologyManagerImpl.actualParse(OWLOntologyManagerImpl.java:1303)
        uk.ac.manchester.cs.owl.owlapi.OWLOntologyManagerImpl.loadOntology(OWLOntologyManagerImpl.java:1243)
        uk.ac.manchester.cs.owl.owlapi.OWLOntologyManagerImpl.loadOntologyFromOntologyDocument(OWLOntologyManagerImpl.java:1186)
        org.protege.editor.owl.model.repository.extractors.LastResortExtractor.getOntologyId(LastResortExtractor.java:21)
        org.protege.editor.owl.model.repository.MasterOntologyIDExtractor.getOntologyId(MasterOntologyIDExtractor.java:26)
        org.protege.editor.owl.ui.ontology.imports.wizard.page.AnticipateOntologyIdPage.checkImport(AnticipateOntologyIdPage.java:109)
        org.protege.editor.owl.ui.ontology.imports.wizard.page.AnticipateOntologyIdPage.lambda$new$0(AnticipateOntologyIdPage.java:44)
        java.base/java.lang.Thread.run(Unknown Source)
Namespace prefix 'Prefix' used but not defined [line 1]        org.eclipse.rdf4j.rio.helpers.RDFParserHelper.reportFatalError(RDFParserHelper.java:340)
        org.eclipse.rdf4j.rio.helpers.AbstractRDFParser.reportFatalError(AbstractRDFParser.java:747)
        org.eclipse.rdf4j.rio.turtle.TurtleParser.reportFatalError(TurtleParser.java:1307)
        org.eclipse.rdf4j.rio.helpers.AbstractRDFParser.getNamespace(AbstractRDFParser.java:345)
        org.eclipse.rdf4j.rio.turtle.TurtleParser.parseQNameOrBoolean(TurtleParser.java:1002)
        org.eclipse.rdf4j.rio.turtle.TurtleParser.parseValue(TurtleParser.java:572)
        org.eclipse.rdf4j.rio.turtle.TurtleParser.parseSubject(TurtleParser.java:396)
        org.eclipse.rdf4j.rio.turtle.TurtleParser.parseTriples(TurtleParser.java:331)
        org.eclipse.rdf4j.rio.turtle.TurtleParser.parseStatement(TurtleParser.java:200)
        org.eclipse.rdf4j.rio.turtle.TurtleParser.parse(TurtleParser.java:162)


--------------------------------------------------------------------------------
Parser: org.semanticweb.owlapi.manchestersyntax.parser.ManchesterOWLSyntaxOntologyParser@4106ca7e
    Stack trace:
Encountered Annotations: at line 192 column 7. Expected one of:
	Individual:
	AnnotationProperty:
	or
	Datatype:
	DataProperty:
	ObjectProperty:
	DisjointProperties:
	ValuePartition:
	EquivalentClasses:
	Import:
	Prefix:
	DisjointClasses:
	and
	Class:
	SameIndividual:
	DifferentIndividuals:
 (Line 192 column 7)        org.semanticweb.owlapi.manchestersyntax.parser.ManchesterOWLSyntaxOntologyParser.parse(ManchesterOWLSyntaxOntologyParser.java:151)
        uk.ac.manchester.cs.owl.owlapi.OWLOntologyFactoryImpl.loadOWLOntology(OWLOntologyFactoryImpl.java:220)
        uk.ac.manchester.cs.owl.owlapi.OWLOntologyManagerImpl.actualParse(OWLOntologyManagerImpl.java:1303)
        uk.ac.manchester.cs.owl.owlapi.OWLOntologyManagerImpl.loadOntology(OWLOntologyManagerImpl.java:1243)
        uk.ac.manchester.cs.owl.owlapi.OWLOntologyManagerImpl.loadOntologyFromOntologyDocument(OWLOntologyManagerImpl.java:1186)
        org.protege.editor.owl.model.repository.extractors.LastResortExtractor.getOntologyId(LastResortExtractor.java:21)
        org.protege.editor.owl.model.repository.MasterOntologyIDExtractor.getOntologyId(MasterOntologyIDExtractor.java:26)
        org.protege.editor.owl.ui.ontology.imports.wizard.page.AnticipateOntologyIdPage.checkImport(AnticipateOntologyIdPage.java:109)
        org.protege.editor.owl.ui.ontology.imports.wizard.page.AnticipateOntologyIdPage.lambda$new$0(AnticipateOntologyIdPage.java:44)
        java.base/java.lang.Thread.run(Unknown Source)
Encountered Annotations: at line 192 column 7. Expected one of:
	Individual:
	AnnotationProperty:
	or
	Datatype:
	DataProperty:
	ObjectProperty:
	DisjointProperties:
	ValuePartition:
	EquivalentClasses:
	Import:
	Prefix:
	DisjointClasses:
	and
	Class:
	SameIndividual:
	DifferentIndividuals:
        org.semanticweb.owlapi.manchestersyntax.parser.ManchesterOWLSyntaxParserImpl$ExceptionBuilder.build(ManchesterOWLSyntaxParserImpl.java:2632)
        org.semanticweb.owlapi.manchestersyntax.parser.ManchesterOWLSyntaxParserImpl.parseOntology(ManchesterOWLSyntaxParserImpl.java:2417)
        org.semanticweb.owlapi.manchestersyntax.parser.ManchesterOWLSyntaxOntologyParser.parse(ManchesterOWLSyntaxOntologyParser.java:142)
        uk.ac.manchester.cs.owl.owlapi.OWLOntologyFactoryImpl.loadOWLOntology(OWLOntologyFactoryImpl.java:220)
        uk.ac.manchester.cs.owl.owlapi.OWLOntologyManagerImpl.actualParse(OWLOntologyManagerImpl.java:1303)
        uk.ac.manchester.cs.owl.owlapi.OWLOntologyManagerImpl.loadOntology(OWLOntologyManagerImpl.java:1243)
        uk.ac.manchester.cs.owl.owlapi.OWLOntologyManagerImpl.loadOntologyFromOntologyDocument(OWLOntologyManagerImpl.java:1186)
        org.protege.editor.owl.model.repository.extractors.LastResortExtractor.getOntologyId(LastResortExtractor.java:21)
        org.protege.editor.owl.model.repository.MasterOntologyIDExtractor.getOntologyId(MasterOntologyIDExtractor.java:26)
        org.protege.editor.owl.ui.ontology.imports.wizard.page.AnticipateOntologyIdPage.checkImport(AnticipateOntologyIdPage.java:109)


--------------------------------------------------------------------------------
Parser: org.semanticweb.owlapi.rio.RioParserImpl : org.semanticweb.owlapi.formats.NQuadsDocumentFormatFactory@6f9c39ad
    Stack trace:
org.eclipse.rdf4j.rio.RDFParseException: Expected '<' or '_', found: P [line 1, column 80]        org.semanticweb.owlapi.rio.RioParserImpl.parse(RioParserImpl.java:189)
        uk.ac.manchester.cs.owl.owlapi.OWLOntologyFactoryImpl.loadOWLOntology(OWLOntologyFactoryImpl.java:220)
        uk.ac.manchester.cs.owl.owlapi.OWLOntologyManagerImpl.actualParse(OWLOntologyManagerImpl.java:1303)
        uk.ac.manchester.cs.owl.owlapi.OWLOntologyManagerImpl.loadOntology(OWLOntologyManagerImpl.java:1243)
        uk.ac.manchester.cs.owl.owlapi.OWLOntologyManagerImpl.loadOntologyFromOntologyDocument(OWLOntologyManagerImpl.java:1186)
        org.protege.editor.owl.model.repository.extractors.LastResortExtractor.getOntologyId(LastResortExtractor.java:21)
        org.protege.editor.owl.model.repository.MasterOntologyIDExtractor.getOntologyId(MasterOntologyIDExtractor.java:26)
        org.protege.editor.owl.ui.ontology.imports.wizard.page.AnticipateOntologyIdPage.checkImport(AnticipateOntologyIdPage.java:109)
        org.protege.editor.owl.ui.ontology.imports.wizard.page.AnticipateOntologyIdPage.lambda$new$0(AnticipateOntologyIdPage.java:44)
        java.base/java.lang.Thread.run(Unknown Source)
Expected '<' or '_', found: P [line 1, column 80]        org.eclipse.rdf4j.rio.ntriples.NTriplesParser.parseSubject(NTriplesParser.java:190)
        org.eclipse.rdf4j.rio.nquads.NQuadsParser.parseStatement(NQuadsParser.java:48)
        org.eclipse.rdf4j.rio.ntriples.NTriplesParser.parse(NTriplesParser.java:117)
        org.eclipse.rdf4j.rio.ntriples.NTriplesParser.parse(NTriplesParser.java:85)
        org.semanticweb.owlapi.rio.RioParserImpl.parseDocumentSource(RioParserImpl.java:245)
        org.semanticweb.owlapi.rio.RioParserImpl.parse(RioParserImpl.java:185)
        uk.ac.manchester.cs.owl.owlapi.OWLOntologyFactoryImpl.loadOWLOntology(OWLOntologyFactoryImpl.java:220)
        uk.ac.manchester.cs.owl.owlapi.OWLOntologyManagerImpl.actualParse(OWLOntologyManagerImpl.java:1303)
        uk.ac.manchester.cs.owl.owlapi.OWLOntologyManagerImpl.loadOntology(OWLOntologyManagerImpl.java:1243)
        uk.ac.manchester.cs.owl.owlapi.OWLOntologyManagerImpl.loadOntologyFromOntologyDocument(OWLOntologyManagerImpl.java:1186)


--------------------------------------------------------------------------------
Parser: org.semanticweb.owlapi.rio.RioParserImpl : org.semanticweb.owlapi.formats.RDFJsonDocumentFormatFactory@cd748dc3
    Stack trace:
org.eclipse.rdf4j.rio.RDFParseException: Found IOException during parsing [line 1, column 7]        org.semanticweb.owlapi.rio.RioParserImpl.parse(RioParserImpl.java:189)
        uk.ac.manchester.cs.owl.owlapi.OWLOntologyFactoryImpl.loadOWLOntology(OWLOntologyFactoryImpl.java:220)
        uk.ac.manchester.cs.owl.owlapi.OWLOntologyManagerImpl.actualParse(OWLOntologyManagerImpl.java:1303)
        uk.ac.manchester.cs.owl.owlapi.OWLOntologyManagerImpl.loadOntology(OWLOntologyManagerImpl.java:1243)
        uk.ac.manchester.cs.owl.owlapi.OWLOntologyManagerImpl.loadOntologyFromOntologyDocument(OWLOntologyManagerImpl.java:1186)
        org.protege.editor.owl.model.repository.extractors.LastResortExtractor.getOntologyId(LastResortExtractor.java:21)
        org.protege.editor.owl.model.repository.MasterOntologyIDExtractor.getOntologyId(MasterOntologyIDExtractor.java:26)
        org.protege.editor.owl.ui.ontology.imports.wizard.page.AnticipateOntologyIdPage.checkImport(AnticipateOntologyIdPage.java:109)
        org.protege.editor.owl.ui.ontology.imports.wizard.page.AnticipateOntologyIdPage.lambda$new$0(AnticipateOntologyIdPage.java:44)
        java.base/java.lang.Thread.run(Unknown Source)
Found IOException during parsing [line 1, column 7]        org.eclipse.rdf4j.rio.helpers.RDFParserHelper.reportFatalError(RDFParserHelper.java:393)
        org.eclipse.rdf4j.rio.helpers.AbstractRDFParser.reportFatalError(AbstractRDFParser.java:783)
        org.eclipse.rdf4j.rio.rdfjson.RDFJSONParser.reportFatalError(RDFJSONParser.java:133)
        org.eclipse.rdf4j.rio.rdfjson.RDFJSONParser.parse(RDFJSONParser.java:86)
        org.semanticweb.owlapi.rio.RioParserImpl.parseDocumentSource(RioParserImpl.java:245)
        org.semanticweb.owlapi.rio.RioParserImpl.parse(RioParserImpl.java:185)
        uk.ac.manchester.cs.owl.owlapi.OWLOntologyFactoryImpl.loadOWLOntology(OWLOntologyFactoryImpl.java:220)
        uk.ac.manchester.cs.owl.owlapi.OWLOntologyManagerImpl.actualParse(OWLOntologyManagerImpl.java:1303)
        uk.ac.manchester.cs.owl.owlapi.OWLOntologyManagerImpl.loadOntology(OWLOntologyManagerImpl.java:1243)
        uk.ac.manchester.cs.owl.owlapi.OWLOntologyManagerImpl.loadOntologyFromOntologyDocument(OWLOntologyManagerImpl.java:1186)
Unrecognized token 'Prefix': was expecting (JSON String, Number, Array, Object or token 'null', 'true' or 'false')
 at [Source: REDACTED (`StreamReadFeature.INCLUDE_SOURCE_IN_LOCATION` disabled); line: 1, column: 7]        com.fasterxml.jackson.core.JsonParser._constructError(JsonParser.java:2481)
        com.fasterxml.jackson.core.base.ParserMinimalBase._reportError(ParserMinimalBase.java:762)
        com.fasterxml.jackson.core.json.ReaderBasedJsonParser._reportInvalidToken(ReaderBasedJsonParser.java:3042)
        com.fasterxml.jackson.core.json.ReaderBasedJsonParser._handleOddValue(ReaderBasedJsonParser.java:2085)
        com.fasterxml.jackson.core.json.ReaderBasedJsonParser.nextToken(ReaderBasedJsonParser.java:812)
        org.eclipse.rdf4j.rio.rdfjson.RDFJSONParser.rdfJsonToHandlerInternal(RDFJSONParser.java:177)
        org.eclipse.rdf4j.rio.rdfjson.RDFJSONParser.parse(RDFJSONParser.java:83)
        org.semanticweb.owlapi.rio.RioParserImpl.parseDocumentSource(RioParserImpl.java:245)
        org.semanticweb.owlapi.rio.RioParserImpl.parse(RioParserImpl.java:185)
        uk.ac.manchester.cs.owl.owlapi.OWLOntologyFactoryImpl.loadOWLOntology(OWLOntologyFactoryImpl.java:220)


--------------------------------------------------------------------------------
Parser: org.semanticweb.owlapi.rio.RioParserImpl : org.semanticweb.owlapi.formats.TrigDocumentFormatFactory@27e81c
    Stack trace:
org.eclipse.rdf4j.rio.RDFParseException: Expected '<', found ':' [line 1]        org.semanticweb.owlapi.rio.RioParserImpl.parse(RioParserImpl.java:189)
        uk.ac.manchester.cs.owl.owlapi.OWLOntologyFactoryImpl.loadOWLOntology(OWLOntologyFactoryImpl.java:220)
        uk.ac.manchester.cs.owl.owlapi.OWLOntologyManagerImpl.actualParse(OWLOntologyManagerImpl.java:1303)
        uk.ac.manchester.cs.owl.owlapi.OWLOntologyManagerImpl.loadOntology(OWLOntologyManagerImpl.java:1243)
        uk.ac.manchester.cs.owl.owlapi.OWLOntologyManagerImpl.loadOntologyFromOntologyDocument(OWLOntologyManagerImpl.java:1186)
        org.protege.editor.owl.model.repository.extractors.LastResortExtractor.getOntologyId(LastResortExtractor.java:21)
        org.protege.editor.owl.model.repository.MasterOntologyIDExtractor.getOntologyId(MasterOntologyIDExtractor.java:26)
        org.protege.editor.owl.ui.ontology.imports.wizard.page.AnticipateOntologyIdPage.checkImport(AnticipateOntologyIdPage.java:109)
        org.protege.editor.owl.ui.ontology.imports.wizard.page.AnticipateOntologyIdPage.lambda$new$0(AnticipateOntologyIdPage.java:44)
        java.base/java.lang.Thread.run(Unknown Source)
Expected '<', found ':' [line 1]        org.eclipse.rdf4j.rio.helpers.RDFParserHelper.reportFatalError(RDFParserHelper.java:340)
        org.eclipse.rdf4j.rio.helpers.AbstractRDFParser.reportFatalError(AbstractRDFParser.java:747)
        org.eclipse.rdf4j.rio.turtle.TurtleParser.reportFatalError(TurtleParser.java:1307)
        org.eclipse.rdf4j.rio.turtle.TurtleParser.verifyCharacterOrFail(TurtleParser.java:1152)
        org.eclipse.rdf4j.rio.turtle.TurtleParser.parseURI(TurtleParser.java:887)
        org.eclipse.rdf4j.rio.turtle.TurtleParser.parsePrefixID(TurtleParser.java:281)
        org.eclipse.rdf4j.rio.turtle.TurtleParser.parseDirective(TurtleParser.java:224)
        org.eclipse.rdf4j.rio.trig.TriGParser.parseStatement(TriGParser.java:92)
        org.eclipse.rdf4j.rio.turtle.TurtleParser.parse(TurtleParser.java:162)
        org.eclipse.rdf4j.rio.turtle.TurtleParser.parse(TurtleParser.java:125)


--------------------------------------------------------------------------------
Parser: org.semanticweb.owlapi.rio.RioParserImpl : org.semanticweb.owlapi.formats.NTriplesDocumentFormatFactory@937ecd36
    Stack trace:
org.eclipse.rdf4j.rio.RDFParseException: Expected '<' or '_', found: P [line 1, column 80]        org.semanticweb.owlapi.rio.RioParserImpl.parse(RioParserImpl.java:189)
        uk.ac.manchester.cs.owl.owlapi.OWLOntologyFactoryImpl.loadOWLOntology(OWLOntologyFactoryImpl.java:220)
        uk.ac.manchester.cs.owl.owlapi.OWLOntologyManagerImpl.actualParse(OWLOntologyManagerImpl.java:1303)
        uk.ac.manchester.cs.owl.owlapi.OWLOntologyManagerImpl.loadOntology(OWLOntologyManagerImpl.java:1243)
        uk.ac.manchester.cs.owl.owlapi.OWLOntologyManagerImpl.loadOntologyFromOntologyDocument(OWLOntologyManagerImpl.java:1186)
        org.protege.editor.owl.model.repository.extractors.LastResortExtractor.getOntologyId(LastResortExtractor.java:21)
        org.protege.editor.owl.model.repository.MasterOntologyIDExtractor.getOntologyId(MasterOntologyIDExtractor.java:26)
        org.protege.editor.owl.ui.ontology.imports.wizard.page.AnticipateOntologyIdPage.checkImport(AnticipateOntologyIdPage.java:109)
        org.protege.editor.owl.ui.ontology.imports.wizard.page.AnticipateOntologyIdPage.lambda$new$0(AnticipateOntologyIdPage.java:44)
        java.base/java.lang.Thread.run(Unknown Source)
Expected '<' or '_', found: P [line 1, column 80]        org.eclipse.rdf4j.rio.ntriples.NTriplesParser.parseSubject(NTriplesParser.java:190)
        org.eclipse.rdf4j.rio.ntriples.NTriplesParser.parseStatement(NTriplesParser.java:135)
        org.eclipse.rdf4j.rio.ntriples.NTriplesParser.parse(NTriplesParser.java:117)
        org.eclipse.rdf4j.rio.ntriples.NTriplesParser.parse(NTriplesParser.java:85)
        org.semanticweb.owlapi.rio.RioParserImpl.parseDocumentSource(RioParserImpl.java:245)
        org.semanticweb.owlapi.rio.RioParserImpl.parse(RioParserImpl.java:185)
        uk.ac.manchester.cs.owl.owlapi.OWLOntologyFactoryImpl.loadOWLOntology(OWLOntologyFactoryImpl.java:220)
        uk.ac.manchester.cs.owl.owlapi.OWLOntologyManagerImpl.actualParse(OWLOntologyManagerImpl.java:1303)
        uk.ac.manchester.cs.owl.owlapi.OWLOntologyManagerImpl.loadOntology(OWLOntologyManagerImpl.java:1243)
        uk.ac.manchester.cs.owl.owlapi.OWLOntologyManagerImpl.loadOntologyFromOntologyDocument(OWLOntologyManagerImpl.java:1186)


--------------------------------------------------------------------------------
Parser: org.semanticweb.owlapi.rio.RioParserImpl : org.semanticweb.owlapi.formats.BinaryRDFDocumentFormatFactory@3bf24493
    Stack trace:
org.eclipse.rdf4j.rio.RDFParseException: File does not contain a binary RDF document        org.semanticweb.owlapi.rio.RioParserImpl.parse(RioParserImpl.java:189)
        uk.ac.manchester.cs.owl.owlapi.OWLOntologyFactoryImpl.loadOWLOntology(OWLOntologyFactoryImpl.java:220)
        uk.ac.manchester.cs.owl.owlapi.OWLOntologyManagerImpl.actualParse(OWLOntologyManagerImpl.java:1303)
        uk.ac.manchester.cs.owl.owlapi.OWLOntologyManagerImpl.loadOntology(OWLOntologyManagerImpl.java:1243)
        uk.ac.manchester.cs.owl.owlapi.OWLOntologyManagerImpl.loadOntologyFromOntologyDocument(OWLOntologyManagerImpl.java:1186)
        org.protege.editor.owl.model.repository.extractors.LastResortExtractor.getOntologyId(LastResortExtractor.java:21)
        org.protege.editor.owl.model.repository.MasterOntologyIDExtractor.getOntologyId(MasterOntologyIDExtractor.java:26)
        org.protege.editor.owl.ui.ontology.imports.wizard.page.AnticipateOntologyIdPage.checkImport(AnticipateOntologyIdPage.java:109)
        org.protege.editor.owl.ui.ontology.imports.wizard.page.AnticipateOntologyIdPage.lambda$new$0(AnticipateOntologyIdPage.java:44)
        java.base/java.lang.Thread.run(Unknown Source)
File does not contain a binary RDF document        org.eclipse.rdf4j.rio.helpers.RDFParserHelper.reportFatalError(RDFParserHelper.java:340)
        org.eclipse.rdf4j.rio.helpers.RDFParserHelper.reportFatalError(RDFParserHelper.java:327)
        org.eclipse.rdf4j.rio.helpers.AbstractRDFParser.reportFatalError(AbstractRDFParser.java:739)
        org.eclipse.rdf4j.rio.binary.BinaryRDFParser.parse(BinaryRDFParser.java:80)
        org.semanticweb.owlapi.rio.RioParserImpl.parseDocumentSource(RioParserImpl.java:245)
        org.semanticweb.owlapi.rio.RioParserImpl.parse(RioParserImpl.java:185)
        uk.ac.manchester.cs.owl.owlapi.OWLOntologyFactoryImpl.loadOWLOntology(OWLOntologyFactoryImpl.java:220)
        uk.ac.manchester.cs.owl.owlapi.OWLOntologyManagerImpl.actualParse(OWLOntologyManagerImpl.java:1303)
        uk.ac.manchester.cs.owl.owlapi.OWLOntologyManagerImpl.loadOntology(OWLOntologyManagerImpl.java:1243)
        uk.ac.manchester.cs.owl.owlapi.OWLOntologyManagerImpl.loadOntologyFromOntologyDocument(OWLOntologyManagerImpl.java:1186)


--------------------------------------------------------------------------------
Parser: org.semanticweb.owlapi.rio.RioParserImpl : org.semanticweb.owlapi.formats.RDFJsonLDDocumentFormatFactory@dcacc47d
    Stack trace:
org.eclipse.rdf4j.rio.RDFParseException: Could not parse JSONLD [line 1, column 8]        org.semanticweb.owlapi.rio.RioParserImpl.parse(RioParserImpl.java:189)
        uk.ac.manchester.cs.owl.owlapi.OWLOntologyFactoryImpl.loadOWLOntology(OWLOntologyFactoryImpl.java:220)
        uk.ac.manchester.cs.owl.owlapi.OWLOntologyManagerImpl.actualParse(OWLOntologyManagerImpl.java:1303)
        uk.ac.manchester.cs.owl.owlapi.OWLOntologyManagerImpl.loadOntology(OWLOntologyManagerImpl.java:1243)
        uk.ac.manchester.cs.owl.owlapi.OWLOntologyManagerImpl.loadOntologyFromOntologyDocument(OWLOntologyManagerImpl.java:1186)
        org.protege.editor.owl.model.repository.extractors.LastResortExtractor.getOntologyId(LastResortExtractor.java:21)
        org.protege.editor.owl.model.repository.MasterOntologyIDExtractor.getOntologyId(MasterOntologyIDExtractor.java:26)
        org.protege.editor.owl.ui.ontology.imports.wizard.page.AnticipateOntologyIdPage.checkImport(AnticipateOntologyIdPage.java:109)
        org.protege.editor.owl.ui.ontology.imports.wizard.page.AnticipateOntologyIdPage.lambda$new$0(AnticipateOntologyIdPage.java:44)
        java.base/java.lang.Thread.run(Unknown Source)
Could not parse JSONLD [line 1, column 8]        org.eclipse.rdf4j.rio.jsonld.JSONLDParser.parse(JSONLDParser.java:133)
        org.eclipse.rdf4j.rio.jsonld.JSONLDParser.parse(JSONLDParser.java:91)
        org.semanticweb.owlapi.rio.RioParserImpl.parseDocumentSource(RioParserImpl.java:245)
        org.semanticweb.owlapi.rio.RioParserImpl.parse(RioParserImpl.java:185)
        uk.ac.manchester.cs.owl.owlapi.OWLOntologyFactoryImpl.loadOWLOntology(OWLOntologyFactoryImpl.java:220)
        uk.ac.manchester.cs.owl.owlapi.OWLOntologyManagerImpl.actualParse(OWLOntologyManagerImpl.java:1303)
        uk.ac.manchester.cs.owl.owlapi.OWLOntologyManagerImpl.loadOntology(OWLOntologyManagerImpl.java:1243)
        uk.ac.manchester.cs.owl.owlapi.OWLOntologyManagerImpl.loadOntologyFromOntologyDocument(OWLOntologyManagerImpl.java:1186)
        org.protege.editor.owl.model.repository.extractors.LastResortExtractor.getOntologyId(LastResortExtractor.java:21)
        org.protege.editor.owl.model.repository.MasterOntologyIDExtractor.getOntologyId(MasterOntologyIDExtractor.java:26)
Unrecognized token 'Prefix': was expecting (JSON String, Number, Array, Object or token 'null', 'true' or 'false')
 at [Source: REDACTED (`StreamReadFeature.INCLUDE_SOURCE_IN_LOCATION` disabled); line: 1, column: 8]        com.fasterxml.jackson.core.JsonParser._constructError(JsonParser.java:2481)
        com.fasterxml.jackson.core.base.ParserMinimalBase._reportError(ParserMinimalBase.java:762)
        com.fasterxml.jackson.core.json.UTF8StreamJsonParser._reportInvalidToken(UTF8StreamJsonParser.java:3703)
        com.fasterxml.jackson.core.json.UTF8StreamJsonParser._handleUnexpectedValue(UTF8StreamJsonParser.java:2791)
        com.fasterxml.jackson.core.json.UTF8StreamJsonParser._nextTokenNotInObject(UTF8StreamJsonParser.java:911)
        com.fasterxml.jackson.core.json.UTF8StreamJsonParser.nextToken(UTF8StreamJsonParser.java:797)
        com.github.jsonldjava.utils.JsonUtils.fromJsonParser(JsonUtils.java:202)
        org.eclipse.rdf4j.rio.jsonld.JSONLDParser.getJSONObject(JSONLDParser.java:146)
        org.eclipse.rdf4j.rio.jsonld.JSONLDParser.parse(JSONLDParser.java:126)
        org.eclipse.rdf4j.rio.jsonld.JSONLDParser.parse(JSONLDParser.java:91)


--------------------------------------------------------------------------------
Parser: org.semanticweb.owlapi.rio.RioParserImpl : org.semanticweb.owlapi.formats.N3DocumentFormatFactory@9a5
    Stack trace:
org.eclipse.rdf4j.rio.RDFParseException: Namespace prefix 'Prefix' used but not defined [line 1]        org.semanticweb.owlapi.rio.RioParserImpl.parse(RioParserImpl.java:189)
        uk.ac.manchester.cs.owl.owlapi.OWLOntologyFactoryImpl.loadOWLOntology(OWLOntologyFactoryImpl.java:220)
        uk.ac.manchester.cs.owl.owlapi.OWLOntologyManagerImpl.actualParse(OWLOntologyManagerImpl.java:1303)
        uk.ac.manchester.cs.owl.owlapi.OWLOntologyManagerImpl.loadOntology(OWLOntologyManagerImpl.java:1243)
        uk.ac.manchester.cs.owl.owlapi.OWLOntologyManagerImpl.loadOntologyFromOntologyDocument(OWLOntologyManagerImpl.java:1186)
        org.protege.editor.owl.model.repository.extractors.LastResortExtractor.getOntologyId(LastResortExtractor.java:21)
        org.protege.editor.owl.model.repository.MasterOntologyIDExtractor.getOntologyId(MasterOntologyIDExtractor.java:26)
        org.protege.editor.owl.ui.ontology.imports.wizard.page.AnticipateOntologyIdPage.checkImport(AnticipateOntologyIdPage.java:109)
        org.protege.editor.owl.ui.ontology.imports.wizard.page.AnticipateOntologyIdPage.lambda$new$0(AnticipateOntologyIdPage.java:44)
        java.base/java.lang.Thread.run(Unknown Source)
Namespace prefix 'Prefix' used but not defined [line 1]        org.eclipse.rdf4j.rio.helpers.RDFParserHelper.reportFatalError(RDFParserHelper.java:340)
        org.eclipse.rdf4j.rio.helpers.AbstractRDFParser.reportFatalError(AbstractRDFParser.java:747)
        org.eclipse.rdf4j.rio.turtle.TurtleParser.reportFatalError(TurtleParser.java:1307)
        org.eclipse.rdf4j.rio.helpers.AbstractRDFParser.getNamespace(AbstractRDFParser.java:345)
        org.eclipse.rdf4j.rio.turtle.TurtleParser.parseQNameOrBoolean(TurtleParser.java:1002)
        org.eclipse.rdf4j.rio.turtle.TurtleParser.parseValue(TurtleParser.java:572)
        org.eclipse.rdf4j.rio.turtle.TurtleParser.parseSubject(TurtleParser.java:396)
        org.eclipse.rdf4j.rio.turtle.TurtleParser.parseTriples(TurtleParser.java:331)
        org.eclipse.rdf4j.rio.turtle.TurtleParser.parseStatement(TurtleParser.java:200)
        org.eclipse.rdf4j.rio.turtle.TurtleParser.parse(TurtleParser.java:162)


--------------------------------------------------------------------------------
Parser: org.semanticweb.owlapi.rio.RioParserImpl : org.semanticweb.owlapi.formats.RioRDFXMLDocumentFormatFactory@69b9a3bc
    Stack trace:
org.eclipse.rdf4j.rio.RDFParseException: O conteúdo não é permitido no prólogo. [line 1, column 1]        org.semanticweb.owlapi.rio.RioParserImpl.parse(RioParserImpl.java:189)
        uk.ac.manchester.cs.owl.owlapi.OWLOntologyFactoryImpl.loadOWLOntology(OWLOntologyFactoryImpl.java:220)
        uk.ac.manchester.cs.owl.owlapi.OWLOntologyManagerImpl.actualParse(OWLOntologyManagerImpl.java:1303)
        uk.ac.manchester.cs.owl.owlapi.OWLOntologyManagerImpl.loadOntology(OWLOntologyManagerImpl.java:1243)
        uk.ac.manchester.cs.owl.owlapi.OWLOntologyManagerImpl.loadOntologyFromOntologyDocument(OWLOntologyManagerImpl.java:1186)
        org.protege.editor.owl.model.repository.extractors.LastResortExtractor.getOntologyId(LastResortExtractor.java:21)
        org.protege.editor.owl.model.repository.MasterOntologyIDExtractor.getOntologyId(MasterOntologyIDExtractor.java:26)
        org.protege.editor.owl.ui.ontology.imports.wizard.page.AnticipateOntologyIdPage.checkImport(AnticipateOntologyIdPage.java:109)
        org.protege.editor.owl.ui.ontology.imports.wizard.page.AnticipateOntologyIdPage.lambda$new$0(AnticipateOntologyIdPage.java:44)
        java.base/java.lang.Thread.run(Unknown Source)
O conteúdo não é permitido no prólogo. [line 1, column 1]        org.eclipse.rdf4j.rio.helpers.RDFParserHelper.reportFatalError(RDFParserHelper.java:373)
        org.eclipse.rdf4j.rio.helpers.AbstractRDFParser.reportFatalError(AbstractRDFParser.java:772)
        org.eclipse.rdf4j.rio.rdfxml.RDFXMLParser.reportFatalError(RDFXMLParser.java:1017)
        org.eclipse.rdf4j.rio.rdfxml.RDFXMLParser.fatalError(RDFXMLParser.java:1148)
        java.xml/com.sun.org.apache.xerces.internal.util.ErrorHandlerWrapper.fatalError(Unknown Source)
        java.xml/com.sun.org.apache.xerces.internal.impl.XMLErrorReporter.reportError(Unknown Source)
        java.xml/com.sun.org.apache.xerces.internal.impl.XMLErrorReporter.reportError(Unknown Source)
        java.xml/com.sun.org.apache.xerces.internal.impl.XMLScanner.reportFatalError(Unknown Source)
        java.xml/com.sun.org.apache.xerces.internal.impl.XMLDocumentScannerImpl$PrologDriver.next(Unknown Source)
        java.xml/com.sun.org.apache.xerces.internal.impl.XMLDocumentScannerImpl.next(Unknown Source)
O conteúdo não é permitido no prólogo.        java.xml/com.sun.org.apache.xerces.internal.util.ErrorHandlerWrapper.createSAXParseException(Unknown Source)
        java.xml/com.sun.org.apache.xerces.internal.util.ErrorHandlerWrapper.fatalError(Unknown Source)
        java.xml/com.sun.org.apache.xerces.internal.impl.XMLErrorReporter.reportError(Unknown Source)
        java.xml/com.sun.org.apache.xerces.internal.impl.XMLErrorReporter.reportError(Unknown Source)
        java.xml/com.sun.org.apache.xerces.internal.impl.XMLScanner.reportFatalError(Unknown Source)
        java.xml/com.sun.org.apache.xerces.internal.impl.XMLDocumentScannerImpl$PrologDriver.next(Unknown Source)
        java.xml/com.sun.org.apache.xerces.internal.impl.XMLDocumentScannerImpl.next(Unknown Source)
        java.xml/com.sun.org.apache.xerces.internal.impl.XMLNSDocumentScannerImpl.next(Unknown Source)
        java.xml/com.sun.org.apache.xerces.internal.impl.XMLDocumentFragmentScannerImpl.scanDocument(Unknown Source)
        java.xml/com.sun.org.apache.xerces.internal.parsers.XML11Configuration.parse(Unknown Source)


--------------------------------------------------------------------------------
Parser: org.semanticweb.owlapi.rdf.turtle.parser.TurtleOntologyParser@969cf86
    Stack trace:
org.semanticweb.owlapi.rdf.turtle.parser.ParseException: Prefix not declared: Prefix:        org.semanticweb.owlapi.rdf.turtle.parser.TurtleOntologyParser.parse(TurtleOntologyParser.java:114)
        uk.ac.manchester.cs.owl.owlapi.OWLOntologyFactoryImpl.loadOWLOntology(OWLOntologyFactoryImpl.java:220)
        uk.ac.manchester.cs.owl.owlapi.OWLOntologyManagerImpl.actualParse(OWLOntologyManagerImpl.java:1303)
        uk.ac.manchester.cs.owl.owlapi.OWLOntologyManagerImpl.loadOntology(OWLOntologyManagerImpl.java:1243)
        uk.ac.manchester.cs.owl.owlapi.OWLOntologyManagerImpl.loadOntologyFromOntologyDocument(OWLOntologyManagerImpl.java:1186)
        org.protege.editor.owl.model.repository.extractors.LastResortExtractor.getOntologyId(LastResortExtractor.java:21)
        org.protege.editor.owl.model.repository.MasterOntologyIDExtractor.getOntologyId(MasterOntologyIDExtractor.java:26)
        org.protege.editor.owl.ui.ontology.imports.wizard.page.AnticipateOntologyIdPage.checkImport(AnticipateOntologyIdPage.java:109)
        org.protege.editor.owl.ui.ontology.imports.wizard.page.AnticipateOntologyIdPage.lambda$new$0(AnticipateOntologyIdPage.java:44)
        java.base/java.lang.Thread.run(Unknown Source)
Prefix not declared: Prefix:        org.semanticweb.owlapi.rdf.turtle.parser.TurtleParser.getIRIFromQName(TurtleParser.java:118)
        org.semanticweb.owlapi.rdf.turtle.parser.TurtleParser.parseLoneNS(TurtleParser.java:225)
        org.semanticweb.owlapi.rdf.turtle.parser.TurtleParser.parseResource(TurtleParser.java:326)
        org.semanticweb.owlapi.rdf.turtle.parser.TurtleParser.parseSubject(TurtleParser.java:212)
        org.semanticweb.owlapi.rdf.turtle.parser.TurtleParser.parseTriples(TurtleParser.java:202)
        org.semanticweb.owlapi.rdf.turtle.parser.TurtleParser.parseStatement(TurtleParser.java:198)
        org.semanticweb.owlapi.rdf.turtle.parser.TurtleParser.parseDocument(TurtleParser.java:152)
        org.semanticweb.owlapi.rdf.turtle.parser.TurtleOntologyParser.parse(TurtleOntologyParser.java:107)
        uk.ac.manchester.cs.owl.owlapi.OWLOntologyFactoryImpl.loadOWLOntology(OWLOntologyFactoryImpl.java:220)
        uk.ac.manchester.cs.owl.owlapi.OWLOntologyManagerImpl.actualParse(OWLOntologyManagerImpl.java:1303)


--------------------------------------------------------------------------------
Parser: org.semanticweb.owlapi.oboformat.OBOFormatOWLAPIParser@3040f83c
    Stack trace:
LINENO: 16 - Expected at least one white space, but found end of line at pos: 12
LINE: Annotations:        org.semanticweb.owlapi.oboformat.OBOFormatOWLAPIParser.parse(OBOFormatOWLAPIParser.java:109)
        uk.ac.manchester.cs.owl.owlapi.OWLOntologyFactoryImpl.loadOWLOntology(OWLOntologyFactoryImpl.java:220)
        uk.ac.manchester.cs.owl.owlapi.OWLOntologyManagerImpl.actualParse(OWLOntologyManagerImpl.java:1303)
        uk.ac.manchester.cs.owl.owlapi.OWLOntologyManagerImpl.loadOntology(OWLOntologyManagerImpl.java:1243)
        uk.ac.manchester.cs.owl.owlapi.OWLOntologyManagerImpl.loadOntologyFromOntologyDocument(OWLOntologyManagerImpl.java:1186)
        org.protege.editor.owl.model.repository.extractors.LastResortExtractor.getOntologyId(LastResortExtractor.java:21)
        org.protege.editor.owl.model.repository.MasterOntologyIDExtractor.getOntologyId(MasterOntologyIDExtractor.java:26)
        org.protege.editor.owl.ui.ontology.imports.wizard.page.AnticipateOntologyIdPage.checkImport(AnticipateOntologyIdPage.java:109)
        org.protege.editor.owl.ui.ontology.imports.wizard.page.AnticipateOntologyIdPage.lambda$new$0(AnticipateOntologyIdPage.java:44)
        java.base/java.lang.Thread.run(Unknown Source)
LINENO: 16 - Expected at least one white space, but found end of line at pos: 12
LINE: Annotations:        org.obolibrary.oboformat.parser.OBOFormatParser.error(OBOFormatParser.java:1338)
        org.obolibrary.oboformat.parser.OBOFormatParser.parseWs(OBOFormatParser.java:1216)
        org.obolibrary.oboformat.parser.OBOFormatParser.getParseTag(OBOFormatParser.java:752)
        org.obolibrary.oboformat.parser.OBOFormatParser.parseHeaderClause(OBOFormatParser.java:425)
        org.obolibrary.oboformat.parser.OBOFormatParser.parseHeaderClauseNl(OBOFormatParser.java:418)
        org.obolibrary.oboformat.parser.OBOFormatParser.parseHeaderFrame(OBOFormatParser.java:401)
        org.obolibrary.oboformat.parser.OBOFormatParser.parseOBODoc(OBOFormatParser.java:283)
        org.obolibrary.oboformat.parser.OBOFormatParser.parse(OBOFormatParser.java:248)
        org.semanticweb.owlapi.oboformat.OBOFormatOWLAPIParser.parse(OBOFormatOWLAPIParser.java:91)
        uk.ac.manchester.cs.owl.owlapi.OWLOntologyFactoryImpl.loadOWLOntology(OWLOntologyFactoryImpl.java:220)


--------------------------------------------------------------------------------
Parser: org.semanticweb.owlapi.krss2.parser.KRSS2OWLParser@1225caa7
    Stack trace:
org.semanticweb.owlapi.krss2.parser.ParseException: Encountered " <NAME> "Prefix: "" at line 1, column 1.
Was expecting:
    <EOF> 
            org.semanticweb.owlapi.krss2.parser.KRSS2OWLParser.parse(KRSS2OWLParser.java:297)
        uk.ac.manchester.cs.owl.owlapi.OWLOntologyFactoryImpl.loadOWLOntology(OWLOntologyFactoryImpl.java:220)
        uk.ac.manchester.cs.owl.owlapi.OWLOntologyManagerImpl.actualParse(OWLOntologyManagerImpl.java:1303)
        uk.ac.manchester.cs.owl.owlapi.OWLOntologyManagerImpl.loadOntology(OWLOntologyManagerImpl.java:1243)
        uk.ac.manchester.cs.owl.owlapi.OWLOntologyManagerImpl.loadOntologyFromOntologyDocument(OWLOntologyManagerImpl.java:1186)
        org.protege.editor.owl.model.repository.extractors.LastResortExtractor.getOntologyId(LastResortExtractor.java:21)
        org.protege.editor.owl.model.repository.MasterOntologyIDExtractor.getOntologyId(MasterOntologyIDExtractor.java:26)
        org.protege.editor.owl.ui.ontology.imports.wizard.page.AnticipateOntologyIdPage.checkImport(AnticipateOntologyIdPage.java:109)
        org.protege.editor.owl.ui.ontology.imports.wizard.page.AnticipateOntologyIdPage.lambda$new$0(AnticipateOntologyIdPage.java:44)
        java.base/java.lang.Thread.run(Unknown Source)
Encountered " <NAME> "Prefix: "" at line 1, column 1.
Was expecting:
    <EOF> 
            org.semanticweb.owlapi.krss2.parser.KRSS2Parser.generateParseException(KRSS2Parser.java:3187)
        org.semanticweb.owlapi.krss2.parser.KRSS2Parser.jj_consume_token(KRSS2Parser.java:3040)
        org.semanticweb.owlapi.krss2.parser.KRSS2Parser.parse(KRSS2Parser.java:141)
        org.semanticweb.owlapi.krss2.parser.KRSS2OWLParser.parse(KRSS2OWLParser.java:294)
        uk.ac.manchester.cs.owl.owlapi.OWLOntologyFactoryImpl.loadOWLOntology(OWLOntologyFactoryImpl.java:220)
        uk.ac.manchester.cs.owl.owlapi.OWLOntologyManagerImpl.actualParse(OWLOntologyManagerImpl.java:1303)
        uk.ac.manchester.cs.owl.owlapi.OWLOntologyManagerImpl.loadOntology(OWLOntologyManagerImpl.java:1243)
        uk.ac.manchester.cs.owl.owlapi.OWLOntologyManagerImpl.loadOntologyFromOntologyDocument(OWLOntologyManagerImpl.java:1186)
        org.protege.editor.owl.model.repository.extractors.LastResortExtractor.getOntologyId(LastResortExtractor.java:21)
        org.protege.editor.owl.model.repository.MasterOntologyIDExtractor.getOntologyId(MasterOntologyIDExtractor.java:26)


--------------------------------------------------------------------------------
Parser: org.semanticweb.owlapi.rio.RioParserImpl : org.semanticweb.owlapi.formats.RDFaDocumentFormatFactory@264e8d
    Stack trace:
org.eclipse.rdf4j.rio.UnsupportedRDFormatException: Did not recognise RDF format object RDFa (mimeTypes=application/xhtml+xml, application/html, text/html; ext=xhtml, html)        org.semanticweb.owlapi.rio.RioParserImpl.parse(RioParserImpl.java:200)
        uk.ac.manchester.cs.owl.owlapi.OWLOntologyFactoryImpl.loadOWLOntology(OWLOntologyFactoryImpl.java:220)
        uk.ac.manchester.cs.owl.owlapi.OWLOntologyManagerImpl.actualParse(OWLOntologyManagerImpl.java:1303)
        uk.ac.manchester.cs.owl.owlapi.OWLOntologyManagerImpl.loadOntology(OWLOntologyManagerImpl.java:1243)
        uk.ac.manchester.cs.owl.owlapi.OWLOntologyManagerImpl.loadOntologyFromOntologyDocument(OWLOntologyManagerImpl.java:1186)
        org.protege.editor.owl.model.repository.extractors.LastResortExtractor.getOntologyId(LastResortExtractor.java:21)
        org.protege.editor.owl.model.repository.MasterOntologyIDExtractor.getOntologyId(MasterOntologyIDExtractor.java:26)
        org.protege.editor.owl.ui.ontology.imports.wizard.page.AnticipateOntologyIdPage.checkImport(AnticipateOntologyIdPage.java:109)
        org.protege.editor.owl.ui.ontology.imports.wizard.page.AnticipateOntologyIdPage.lambda$new$0(AnticipateOntologyIdPage.java:44)
        java.base/java.lang.Thread.run(Unknown Source)
Did not recognise RDF format object RDFa (mimeTypes=application/xhtml+xml, application/html, text/html; ext=xhtml, html)        org.eclipse.rdf4j.rio.Rio.lambda$unsupportedFormat$0(Rio.java:690)
        java.base/java.util.Optional.orElseThrow(Unknown Source)
        org.eclipse.rdf4j.rio.Rio.createParser(Rio.java:96)
        org.semanticweb.owlapi.rio.RioParserImpl.parseDocumentSource(RioParserImpl.java:225)
        org.semanticweb.owlapi.rio.RioParserImpl.parse(RioParserImpl.java:185)
        uk.ac.manchester.cs.owl.owlapi.OWLOntologyFactoryImpl.loadOWLOntology(OWLOntologyFactoryImpl.java:220)
        uk.ac.manchester.cs.owl.owlapi.OWLOntologyManagerImpl.actualParse(OWLOntologyManagerImpl.java:1303)
        uk.ac.manchester.cs.owl.owlapi.OWLOntologyManagerImpl.loadOntology(OWLOntologyManagerImpl.java:1243)
        uk.ac.manchester.cs.owl.owlapi.OWLOntologyManagerImpl.loadOntologyFromOntologyDocument(OWLOntologyManagerImpl.java:1186)
        org.protege.editor.owl.model.repository.extractors.LastResortExtractor.getOntologyId(LastResortExtractor.java:21)



	at uk.ac.manchester.cs.owl.owlapi.OWLOntologyFactoryImpl.loadOWLOntology(OWLOntologyFactoryImpl.java:257)
	at uk.ac.manchester.cs.owl.owlapi.OWLOntologyManagerImpl.actualParse(OWLOntologyManagerImpl.java:1303)
	at uk.ac.manchester.cs.owl.owlapi.OWLOntologyManagerImpl.loadOntology(OWLOntologyManagerImpl.java:1243)
	at uk.ac.manchester.cs.owl.owlapi.OWLOntologyManagerImpl.loadOntologyFromOntologyDocument(OWLOntologyManagerImpl.java:1186)
	at org.protege.editor.owl.model.repository.extractors.LastResortExtractor.getOntologyId(LastResortExtractor.java:21)
	at org.protege.editor.owl.model.repository.MasterOntologyIDExtractor.getOntologyId(MasterOntologyIDExtractor.java:26)
	at org.protege.editor.owl.ui.ontology.imports.wizard.page.AnticipateOntologyIdPage.checkImport(AnticipateOntologyIdPage.java:109)
	at org.protege.editor.owl.ui.ontology.imports.wizard.page.AnticipateOntologyIdPage.lambda$new$0(AnticipateOntologyIdPage.java:44)
	at java.base/java.lang.Thread.run(Unknown Source)
2026-06-25 14:26:24.455 [Thread-5] ERROR AnticipateOntologyIdPage    An error occurred whilst extracting the Ontology Id from the imported ontology: {}
java.lang.NullPointerException: null
	at org.protege.editor.owl.model.repository.MasterOntologyIDExtractor.getOntologyId(MasterOntologyIDExtractor.java:27)
	at org.protege.editor.owl.ui.ontology.imports.wizard.page.AnticipateOntologyIdPage.checkImport(AnticipateOntologyIdPage.java:109)
	at org.protege.editor.owl.ui.ontology.imports.wizard.page.AnticipateOntologyIdPage.lambda$new$0(AnticipateOntologyIdPage.java:44)
	at java.base/java.lang.Thread.run(Unknown Source)
2026-06-25 14:26:26.024 [pool-13-thread-1] INFO  AddImportsStrategy    -------------------- Importing ontology and imports closure --------------------
2026-06-25 14:26:44.262 [Thread-6] INFO  LastResortExtractor    Exception caught trying to get ontology id for file:/C:/Workspace/artigos/Ontologia%20de%20Solos/Pesquisa%20SCOPUS/OWL/Soil-Property-Process.owl
org.semanticweb.owlapi.io.UnparsableOntologyException: Problem parsing file:/C:/Workspace/artigos/Ontologia%20de%20Solos/Pesquisa%20SCOPUS/OWL/Soil-Property-Process.owl
Could not parse ontology.  Either a suitable parser could not be found, or parsing failed.  See parser logs below for explanation.
The following parsers were tried:
1) org.semanticweb.owlapi.rdf.rdfxml.parser.RDFXMLParser@5ca82432
2) org.semanticweb.owlapi.owlxml.parser.OWLXMLParser@7c89cd43
3) org.semanticweb.owlapi.functional.parser.OWLFunctionalSyntaxOWLParser@758b13c4
4) org.semanticweb.owlapi.rio.RioParserImpl : org.semanticweb.owlapi.formats.RioTurtleDocumentFormatFactory@95fd655c
5) org.semanticweb.owlapi.manchestersyntax.parser.ManchesterOWLSyntaxOntologyParser@71ff15a4
6) org.semanticweb.owlapi.rio.RioParserImpl : org.semanticweb.owlapi.formats.NQuadsDocumentFormatFactory@6f9c39ad
7) org.semanticweb.owlapi.rio.RioParserImpl : org.semanticweb.owlapi.formats.TrigDocumentFormatFactory@27e81c
8) org.semanticweb.owlapi.rio.RioParserImpl : org.semanticweb.owlapi.formats.RDFJsonDocumentFormatFactory@cd748dc3
9) org.semanticweb.owlapi.rio.RioParserImpl : org.semanticweb.owlapi.formats.NTriplesDocumentFormatFactory@937ecd36
10) org.semanticweb.owlapi.rio.RioParserImpl : org.semanticweb.owlapi.formats.BinaryRDFDocumentFormatFactory@3bf24493
11) org.semanticweb.owlapi.rio.RioParserImpl : org.semanticweb.owlapi.formats.RDFJsonLDDocumentFormatFactory@dcacc47d
12) org.semanticweb.owlapi.rio.RioParserImpl : org.semanticweb.owlapi.formats.N3DocumentFormatFactory@9a5
13) org.semanticweb.owlapi.rio.RioParserImpl : org.semanticweb.owlapi.formats.RioRDFXMLDocumentFormatFactory@69b9a3bc
14) org.semanticweb.owlapi.rdf.turtle.parser.TurtleOntologyParser@72505a45
15) org.semanticweb.owlapi.oboformat.OBOFormatOWLAPIParser@54bddef7
16) org.semanticweb.owlapi.krss2.parser.KRSS2OWLParser@3312826d
17) org.semanticweb.owlapi.rio.RioParserImpl : org.semanticweb.owlapi.formats.RDFaDocumentFormatFactory@264e8d


Detailed logs:
--------------------------------------------------------------------------------
Parser: org.semanticweb.owlapi.rdf.rdfxml.parser.RDFXMLParser@5ca82432
    Stack trace:
org.xml.sax.SAXParseException; systemId: file:/C:/Workspace/artigos/Ontologia%20de%20Solos/Pesquisa%20SCOPUS/OWL/Soil-Property-Process.owl; lineNumber: 1; columnNumber: 1; O conteúdo não é permitido no prólogo.        org.semanticweb.owlapi.rdf.rdfxml.parser.RDFXMLParser.parse(RDFXMLParser.java:76)
        uk.ac.manchester.cs.owl.owlapi.OWLOntologyFactoryImpl.loadOWLOntology(OWLOntologyFactoryImpl.java:220)
        uk.ac.manchester.cs.owl.owlapi.OWLOntologyManagerImpl.actualParse(OWLOntologyManagerImpl.java:1303)
        uk.ac.manchester.cs.owl.owlapi.OWLOntologyManagerImpl.loadOntology(OWLOntologyManagerImpl.java:1243)
        uk.ac.manchester.cs.owl.owlapi.OWLOntologyManagerImpl.loadOntologyFromOntologyDocument(OWLOntologyManagerImpl.java:1186)
        org.protege.editor.owl.model.repository.extractors.LastResortExtractor.getOntologyId(LastResortExtractor.java:21)
        org.protege.editor.owl.model.repository.MasterOntologyIDExtractor.getOntologyId(MasterOntologyIDExtractor.java:26)
        org.protege.editor.owl.ui.ontology.imports.wizard.page.AnticipateOntologyIdPage.checkImport(AnticipateOntologyIdPage.java:109)
        org.protege.editor.owl.ui.ontology.imports.wizard.page.AnticipateOntologyIdPage.lambda$new$0(AnticipateOntologyIdPage.java:44)
        java.base/java.lang.Thread.run(Unknown Source)
O conteúdo não é permitido no prólogo.        java.xml/com.sun.org.apache.xerces.internal.util.ErrorHandlerWrapper.createSAXParseException(Unknown Source)
        java.xml/com.sun.org.apache.xerces.internal.util.ErrorHandlerWrapper.fatalError(Unknown Source)
        java.xml/com.sun.org.apache.xerces.internal.impl.XMLErrorReporter.reportError(Unknown Source)
        java.xml/com.sun.org.apache.xerces.internal.impl.XMLErrorReporter.reportError(Unknown Source)
        java.xml/com.sun.org.apache.xerces.internal.impl.XMLScanner.reportFatalError(Unknown Source)
        java.xml/com.sun.org.apache.xerces.internal.impl.XMLDocumentScannerImpl$PrologDriver.next(Unknown Source)
        java.xml/com.sun.org.apache.xerces.internal.impl.XMLDocumentScannerImpl.next(Unknown Source)
        java.xml/com.sun.org.apache.xerces.internal.impl.XMLNSDocumentScannerImpl.next(Unknown Source)
        java.xml/com.sun.org.apache.xerces.internal.impl.XMLDocumentFragmentScannerImpl.scanDocument(Unknown Source)
        java.xml/com.sun.org.apache.xerces.internal.parsers.XML11Configuration.parse(Unknown Source)


--------------------------------------------------------------------------------
Parser: org.semanticweb.owlapi.owlxml.parser.OWLXMLParser@7c89cd43
    Stack trace:
org.xml.sax.SAXParseException; systemId: file:/C:/Workspace/artigos/Ontologia%20de%20Solos/Pesquisa%20SCOPUS/OWL/Soil-Property-Process.owl; lineNumber: 1; columnNumber: 1; O conteúdo não é permitido no prólogo.        org.semanticweb.owlapi.owlxml.parser.OWLXMLParser.parse(OWLXMLParser.java:77)
        uk.ac.manchester.cs.owl.owlapi.OWLOntologyFactoryImpl.loadOWLOntology(OWLOntologyFactoryImpl.java:220)
        uk.ac.manchester.cs.owl.owlapi.OWLOntologyManagerImpl.actualParse(OWLOntologyManagerImpl.java:1303)
        uk.ac.manchester.cs.owl.owlapi.OWLOntologyManagerImpl.loadOntology(OWLOntologyManagerImpl.java:1243)
        uk.ac.manchester.cs.owl.owlapi.OWLOntologyManagerImpl.loadOntologyFromOntologyDocument(OWLOntologyManagerImpl.java:1186)
        org.protege.editor.owl.model.repository.extractors.LastResortExtractor.getOntologyId(LastResortExtractor.java:21)
        org.protege.editor.owl.model.repository.MasterOntologyIDExtractor.getOntologyId(MasterOntologyIDExtractor.java:26)
        org.protege.editor.owl.ui.ontology.imports.wizard.page.AnticipateOntologyIdPage.checkImport(AnticipateOntologyIdPage.java:109)
        org.protege.editor.owl.ui.ontology.imports.wizard.page.AnticipateOntologyIdPage.lambda$new$0(AnticipateOntologyIdPage.java:44)
        java.base/java.lang.Thread.run(Unknown Source)
O conteúdo não é permitido no prólogo.        java.xml/com.sun.org.apache.xerces.internal.util.ErrorHandlerWrapper.createSAXParseException(Unknown Source)
        java.xml/com.sun.org.apache.xerces.internal.util.ErrorHandlerWrapper.fatalError(Unknown Source)
        java.xml/com.sun.org.apache.xerces.internal.impl.XMLErrorReporter.reportError(Unknown Source)
        java.xml/com.sun.org.apache.xerces.internal.impl.XMLErrorReporter.reportError(Unknown Source)
        java.xml/com.sun.org.apache.xerces.internal.impl.XMLScanner.reportFatalError(Unknown Source)
        java.xml/com.sun.org.apache.xerces.internal.impl.XMLDocumentScannerImpl$PrologDriver.next(Unknown Source)
        java.xml/com.sun.org.apache.xerces.internal.impl.XMLDocumentScannerImpl.next(Unknown Source)
        java.xml/com.sun.org.apache.xerces.internal.impl.XMLNSDocumentScannerImpl.next(Unknown Source)
        java.xml/com.sun.org.apache.xerces.internal.impl.XMLDocumentFragmentScannerImpl.scanDocument(Unknown Source)
        java.xml/com.sun.org.apache.xerces.internal.parsers.XML11Configuration.parse(Unknown Source)


--------------------------------------------------------------------------------
Parser: org.semanticweb.owlapi.functional.parser.OWLFunctionalSyntaxOWLParser@758b13c4
    Stack trace:
Encountered " <PNAME_NS> "Prefix: "" at line 1, column 1.
Was expecting one of:
    "Ontology" ...
    "Prefix" ...
     (Line 0 column 0)        org.semanticweb.owlapi.functional.parser.OWLFunctionalSyntaxOWLParser.parse(OWLFunctionalSyntaxOWLParser.java:103)
        uk.ac.manchester.cs.owl.owlapi.OWLOntologyFactoryImpl.loadOWLOntology(OWLOntologyFactoryImpl.java:220)
        uk.ac.manchester.cs.owl.owlapi.OWLOntologyManagerImpl.actualParse(OWLOntologyManagerImpl.java:1303)
        uk.ac.manchester.cs.owl.owlapi.OWLOntologyManagerImpl.loadOntology(OWLOntologyManagerImpl.java:1243)
        uk.ac.manchester.cs.owl.owlapi.OWLOntologyManagerImpl.loadOntologyFromOntologyDocument(OWLOntologyManagerImpl.java:1186)
        org.protege.editor.owl.model.repository.extractors.LastResortExtractor.getOntologyId(LastResortExtractor.java:21)
        org.protege.editor.owl.model.repository.MasterOntologyIDExtractor.getOntologyId(MasterOntologyIDExtractor.java:26)
        org.protege.editor.owl.ui.ontology.imports.wizard.page.AnticipateOntologyIdPage.checkImport(AnticipateOntologyIdPage.java:109)
        org.protege.editor.owl.ui.ontology.imports.wizard.page.AnticipateOntologyIdPage.lambda$new$0(AnticipateOntologyIdPage.java:44)
        java.base/java.lang.Thread.run(Unknown Source)
Encountered " <PNAME_NS> "Prefix: "" at line 1, column 1.
Was expecting one of:
    "Ontology" ...
    "Prefix" ...
            org.semanticweb.owlapi.functional.parser.OWLFunctionalSyntaxParser.generateParseException(OWLFunctionalSyntaxParser.java:2617)
        org.semanticweb.owlapi.functional.parser.OWLFunctionalSyntaxParser.jj_consume_token(OWLFunctionalSyntaxParser.java:2543)
        org.semanticweb.owlapi.functional.parser.OWLFunctionalSyntaxParser.Ontology(OWLFunctionalSyntaxParser.java:136)
        org.semanticweb.owlapi.functional.parser.OWLFunctionalSyntaxParser.parse(OWLFunctionalSyntaxParser.java:121)
        org.semanticweb.owlapi.functional.parser.OWLFunctionalSyntaxOWLParser.parse(OWLFunctionalSyntaxOWLParser.java:101)
        uk.ac.manchester.cs.owl.owlapi.OWLOntologyFactoryImpl.loadOWLOntology(OWLOntologyFactoryImpl.java:220)
        uk.ac.manchester.cs.owl.owlapi.OWLOntologyManagerImpl.actualParse(OWLOntologyManagerImpl.java:1303)
        uk.ac.manchester.cs.owl.owlapi.OWLOntologyManagerImpl.loadOntology(OWLOntologyManagerImpl.java:1243)
        uk.ac.manchester.cs.owl.owlapi.OWLOntologyManagerImpl.loadOntologyFromOntologyDocument(OWLOntologyManagerImpl.java:1186)
        org.protege.editor.owl.model.repository.extractors.LastResortExtractor.getOntologyId(LastResortExtractor.java:21)


--------------------------------------------------------------------------------
Parser: org.semanticweb.owlapi.rio.RioParserImpl : org.semanticweb.owlapi.formats.RioTurtleDocumentFormatFactory@95fd655c
    Stack trace:
org.eclipse.rdf4j.rio.RDFParseException: Namespace prefix 'Prefix' used but not defined [line 1]        org.semanticweb.owlapi.rio.RioParserImpl.parse(RioParserImpl.java:189)
        uk.ac.manchester.cs.owl.owlapi.OWLOntologyFactoryImpl.loadOWLOntology(OWLOntologyFactoryImpl.java:220)
        uk.ac.manchester.cs.owl.owlapi.OWLOntologyManagerImpl.actualParse(OWLOntologyManagerImpl.java:1303)
        uk.ac.manchester.cs.owl.owlapi.OWLOntologyManagerImpl.loadOntology(OWLOntologyManagerImpl.java:1243)
        uk.ac.manchester.cs.owl.owlapi.OWLOntologyManagerImpl.loadOntologyFromOntologyDocument(OWLOntologyManagerImpl.java:1186)
        org.protege.editor.owl.model.repository.extractors.LastResortExtractor.getOntologyId(LastResortExtractor.java:21)
        org.protege.editor.owl.model.repository.MasterOntologyIDExtractor.getOntologyId(MasterOntologyIDExtractor.java:26)
        org.protege.editor.owl.ui.ontology.imports.wizard.page.AnticipateOntologyIdPage.checkImport(AnticipateOntologyIdPage.java:109)
        org.protege.editor.owl.ui.ontology.imports.wizard.page.AnticipateOntologyIdPage.lambda$new$0(AnticipateOntologyIdPage.java:44)
        java.base/java.lang.Thread.run(Unknown Source)
Namespace prefix 'Prefix' used but not defined [line 1]        org.eclipse.rdf4j.rio.helpers.RDFParserHelper.reportFatalError(RDFParserHelper.java:340)
        org.eclipse.rdf4j.rio.helpers.AbstractRDFParser.reportFatalError(AbstractRDFParser.java:747)
        org.eclipse.rdf4j.rio.turtle.TurtleParser.reportFatalError(TurtleParser.java:1307)
        org.eclipse.rdf4j.rio.helpers.AbstractRDFParser.getNamespace(AbstractRDFParser.java:345)
        org.eclipse.rdf4j.rio.turtle.TurtleParser.parseQNameOrBoolean(TurtleParser.java:1002)
        org.eclipse.rdf4j.rio.turtle.TurtleParser.parseValue(TurtleParser.java:572)
        org.eclipse.rdf4j.rio.turtle.TurtleParser.parseSubject(TurtleParser.java:396)
        org.eclipse.rdf4j.rio.turtle.TurtleParser.parseTriples(TurtleParser.java:331)
        org.eclipse.rdf4j.rio.turtle.TurtleParser.parseStatement(TurtleParser.java:200)
        org.eclipse.rdf4j.rio.turtle.TurtleParser.parse(TurtleParser.java:162)


--------------------------------------------------------------------------------
Parser: org.semanticweb.owlapi.manchestersyntax.parser.ManchesterOWLSyntaxOntologyParser@71ff15a4
    Stack trace:
Encountered Annotations: at line 192 column 7. Expected one of:
	Individual:
	AnnotationProperty:
	or
	Datatype:
	DataProperty:
	ObjectProperty:
	DisjointProperties:
	ValuePartition:
	EquivalentClasses:
	Import:
	Prefix:
	DisjointClasses:
	and
	Class:
	SameIndividual:
	DifferentIndividuals:
 (Line 192 column 7)        org.semanticweb.owlapi.manchestersyntax.parser.ManchesterOWLSyntaxOntologyParser.parse(ManchesterOWLSyntaxOntologyParser.java:151)
        uk.ac.manchester.cs.owl.owlapi.OWLOntologyFactoryImpl.loadOWLOntology(OWLOntologyFactoryImpl.java:220)
        uk.ac.manchester.cs.owl.owlapi.OWLOntologyManagerImpl.actualParse(OWLOntologyManagerImpl.java:1303)
        uk.ac.manchester.cs.owl.owlapi.OWLOntologyManagerImpl.loadOntology(OWLOntologyManagerImpl.java:1243)
        uk.ac.manchester.cs.owl.owlapi.OWLOntologyManagerImpl.loadOntologyFromOntologyDocument(OWLOntologyManagerImpl.java:1186)
        org.protege.editor.owl.model.repository.extractors.LastResortExtractor.getOntologyId(LastResortExtractor.java:21)
        org.protege.editor.owl.model.repository.MasterOntologyIDExtractor.getOntologyId(MasterOntologyIDExtractor.java:26)
        org.protege.editor.owl.ui.ontology.imports.wizard.page.AnticipateOntologyIdPage.checkImport(AnticipateOntologyIdPage.java:109)
        org.protege.editor.owl.ui.ontology.imports.wizard.page.AnticipateOntologyIdPage.lambda$new$0(AnticipateOntologyIdPage.java:44)
        java.base/java.lang.Thread.run(Unknown Source)
Encountered Annotations: at line 192 column 7. Expected one of:
	Individual:
	AnnotationProperty:
	or
	Datatype:
	DataProperty:
	ObjectProperty:
	DisjointProperties:
	ValuePartition:
	EquivalentClasses:
	Import:
	Prefix:
	DisjointClasses:
	and
	Class:
	SameIndividual:
	DifferentIndividuals:
        org.semanticweb.owlapi.manchestersyntax.parser.ManchesterOWLSyntaxParserImpl$ExceptionBuilder.build(ManchesterOWLSyntaxParserImpl.java:2632)
        org.semanticweb.owlapi.manchestersyntax.parser.ManchesterOWLSyntaxParserImpl.parseOntology(ManchesterOWLSyntaxParserImpl.java:2417)
        org.semanticweb.owlapi.manchestersyntax.parser.ManchesterOWLSyntaxOntologyParser.parse(ManchesterOWLSyntaxOntologyParser.java:142)
        uk.ac.manchester.cs.owl.owlapi.OWLOntologyFactoryImpl.loadOWLOntology(OWLOntologyFactoryImpl.java:220)
        uk.ac.manchester.cs.owl.owlapi.OWLOntologyManagerImpl.actualParse(OWLOntologyManagerImpl.java:1303)
        uk.ac.manchester.cs.owl.owlapi.OWLOntologyManagerImpl.loadOntology(OWLOntologyManagerImpl.java:1243)
        uk.ac.manchester.cs.owl.owlapi.OWLOntologyManagerImpl.loadOntologyFromOntologyDocument(OWLOntologyManagerImpl.java:1186)
        org.protege.editor.owl.model.repository.extractors.LastResortExtractor.getOntologyId(LastResortExtractor.java:21)
        org.protege.editor.owl.model.repository.MasterOntologyIDExtractor.getOntologyId(MasterOntologyIDExtractor.java:26)
        org.protege.editor.owl.ui.ontology.imports.wizard.page.AnticipateOntologyIdPage.checkImport(AnticipateOntologyIdPage.java:109)


--------------------------------------------------------------------------------
Parser: org.semanticweb.owlapi.rio.RioParserImpl : org.semanticweb.owlapi.formats.NQuadsDocumentFormatFactory@6f9c39ad
    Stack trace:
org.eclipse.rdf4j.rio.RDFParseException: Expected '<' or '_', found: P [line 1, column 80]        org.semanticweb.owlapi.rio.RioParserImpl.parse(RioParserImpl.java:189)
        uk.ac.manchester.cs.owl.owlapi.OWLOntologyFactoryImpl.loadOWLOntology(OWLOntologyFactoryImpl.java:220)
        uk.ac.manchester.cs.owl.owlapi.OWLOntologyManagerImpl.actualParse(OWLOntologyManagerImpl.java:1303)
        uk.ac.manchester.cs.owl.owlapi.OWLOntologyManagerImpl.loadOntology(OWLOntologyManagerImpl.java:1243)
        uk.ac.manchester.cs.owl.owlapi.OWLOntologyManagerImpl.loadOntologyFromOntologyDocument(OWLOntologyManagerImpl.java:1186)
        org.protege.editor.owl.model.repository.extractors.LastResortExtractor.getOntologyId(LastResortExtractor.java:21)
        org.protege.editor.owl.model.repository.MasterOntologyIDExtractor.getOntologyId(MasterOntologyIDExtractor.java:26)
        org.protege.editor.owl.ui.ontology.imports.wizard.page.AnticipateOntologyIdPage.checkImport(AnticipateOntologyIdPage.java:109)
        org.protege.editor.owl.ui.ontology.imports.wizard.page.AnticipateOntologyIdPage.lambda$new$0(AnticipateOntologyIdPage.java:44)
        java.base/java.lang.Thread.run(Unknown Source)
Expected '<' or '_', found: P [line 1, column 80]        org.eclipse.rdf4j.rio.ntriples.NTriplesParser.parseSubject(NTriplesParser.java:190)
        org.eclipse.rdf4j.rio.nquads.NQuadsParser.parseStatement(NQuadsParser.java:48)
        org.eclipse.rdf4j.rio.ntriples.NTriplesParser.parse(NTriplesParser.java:117)
        org.eclipse.rdf4j.rio.ntriples.NTriplesParser.parse(NTriplesParser.java:85)
        org.semanticweb.owlapi.rio.RioParserImpl.parseDocumentSource(RioParserImpl.java:245)
        org.semanticweb.owlapi.rio.RioParserImpl.parse(RioParserImpl.java:185)
        uk.ac.manchester.cs.owl.owlapi.OWLOntologyFactoryImpl.loadOWLOntology(OWLOntologyFactoryImpl.java:220)
        uk.ac.manchester.cs.owl.owlapi.OWLOntologyManagerImpl.actualParse(OWLOntologyManagerImpl.java:1303)
        uk.ac.manchester.cs.owl.owlapi.OWLOntologyManagerImpl.loadOntology(OWLOntologyManagerImpl.java:1243)
        uk.ac.manchester.cs.owl.owlapi.OWLOntologyManagerImpl.loadOntologyFromOntologyDocument(OWLOntologyManagerImpl.java:1186)


--------------------------------------------------------------------------------
Parser: org.semanticweb.owlapi.rio.RioParserImpl : org.semanticweb.owlapi.formats.TrigDocumentFormatFactory@27e81c
    Stack trace:
org.eclipse.rdf4j.rio.RDFParseException: Expected '<', found ':' [line 1]        org.semanticweb.owlapi.rio.RioParserImpl.parse(RioParserImpl.java:189)
        uk.ac.manchester.cs.owl.owlapi.OWLOntologyFactoryImpl.loadOWLOntology(OWLOntologyFactoryImpl.java:220)
        uk.ac.manchester.cs.owl.owlapi.OWLOntologyManagerImpl.actualParse(OWLOntologyManagerImpl.java:1303)
        uk.ac.manchester.cs.owl.owlapi.OWLOntologyManagerImpl.loadOntology(OWLOntologyManagerImpl.java:1243)
        uk.ac.manchester.cs.owl.owlapi.OWLOntologyManagerImpl.loadOntologyFromOntologyDocument(OWLOntologyManagerImpl.java:1186)
        org.protege.editor.owl.model.repository.extractors.LastResortExtractor.getOntologyId(LastResortExtractor.java:21)
        org.protege.editor.owl.model.repository.MasterOntologyIDExtractor.getOntologyId(MasterOntologyIDExtractor.java:26)
        org.protege.editor.owl.ui.ontology.imports.wizard.page.AnticipateOntologyIdPage.checkImport(AnticipateOntologyIdPage.java:109)
        org.protege.editor.owl.ui.ontology.imports.wizard.page.AnticipateOntologyIdPage.lambda$new$0(AnticipateOntologyIdPage.java:44)
        java.base/java.lang.Thread.run(Unknown Source)
Expected '<', found ':' [line 1]        org.eclipse.rdf4j.rio.helpers.RDFParserHelper.reportFatalError(RDFParserHelper.java:340)
        org.eclipse.rdf4j.rio.helpers.AbstractRDFParser.reportFatalError(AbstractRDFParser.java:747)
        org.eclipse.rdf4j.rio.turtle.TurtleParser.reportFatalError(TurtleParser.java:1307)
        org.eclipse.rdf4j.rio.turtle.TurtleParser.verifyCharacterOrFail(TurtleParser.java:1152)
        org.eclipse.rdf4j.rio.turtle.TurtleParser.parseURI(TurtleParser.java:887)
        org.eclipse.rdf4j.rio.turtle.TurtleParser.parsePrefixID(TurtleParser.java:281)
        org.eclipse.rdf4j.rio.turtle.TurtleParser.parseDirective(TurtleParser.java:224)
        org.eclipse.rdf4j.rio.trig.TriGParser.parseStatement(TriGParser.java:92)
        org.eclipse.rdf4j.rio.turtle.TurtleParser.parse(TurtleParser.java:162)
        org.eclipse.rdf4j.rio.turtle.TurtleParser.parse(TurtleParser.java:125)


--------------------------------------------------------------------------------
Parser: org.semanticweb.owlapi.rio.RioParserImpl : org.semanticweb.owlapi.formats.RDFJsonDocumentFormatFactory@cd748dc3
    Stack trace:
org.eclipse.rdf4j.rio.RDFParseException: Found IOException during parsing [line 1, column 7]        org.semanticweb.owlapi.rio.RioParserImpl.parse(RioParserImpl.java:189)
        uk.ac.manchester.cs.owl.owlapi.OWLOntologyFactoryImpl.loadOWLOntology(OWLOntologyFactoryImpl.java:220)
        uk.ac.manchester.cs.owl.owlapi.OWLOntologyManagerImpl.actualParse(OWLOntologyManagerImpl.java:1303)
        uk.ac.manchester.cs.owl.owlapi.OWLOntologyManagerImpl.loadOntology(OWLOntologyManagerImpl.java:1243)
        uk.ac.manchester.cs.owl.owlapi.OWLOntologyManagerImpl.loadOntologyFromOntologyDocument(OWLOntologyManagerImpl.java:1186)
        org.protege.editor.owl.model.repository.extractors.LastResortExtractor.getOntologyId(LastResortExtractor.java:21)
        org.protege.editor.owl.model.repository.MasterOntologyIDExtractor.getOntologyId(MasterOntologyIDExtractor.java:26)
        org.protege.editor.owl.ui.ontology.imports.wizard.page.AnticipateOntologyIdPage.checkImport(AnticipateOntologyIdPage.java:109)
        org.protege.editor.owl.ui.ontology.imports.wizard.page.AnticipateOntologyIdPage.lambda$new$0(AnticipateOntologyIdPage.java:44)
        java.base/java.lang.Thread.run(Unknown Source)
Found IOException during parsing [line 1, column 7]        org.eclipse.rdf4j.rio.helpers.RDFParserHelper.reportFatalError(RDFParserHelper.java:393)
        org.eclipse.rdf4j.rio.helpers.AbstractRDFParser.reportFatalError(AbstractRDFParser.java:783)
        org.eclipse.rdf4j.rio.rdfjson.RDFJSONParser.reportFatalError(RDFJSONParser.java:133)
        org.eclipse.rdf4j.rio.rdfjson.RDFJSONParser.parse(RDFJSONParser.java:86)
        org.semanticweb.owlapi.rio.RioParserImpl.parseDocumentSource(RioParserImpl.java:245)
        org.semanticweb.owlapi.rio.RioParserImpl.parse(RioParserImpl.java:185)
        uk.ac.manchester.cs.owl.owlapi.OWLOntologyFactoryImpl.loadOWLOntology(OWLOntologyFactoryImpl.java:220)
        uk.ac.manchester.cs.owl.owlapi.OWLOntologyManagerImpl.actualParse(OWLOntologyManagerImpl.java:1303)
        uk.ac.manchester.cs.owl.owlapi.OWLOntologyManagerImpl.loadOntology(OWLOntologyManagerImpl.java:1243)
        uk.ac.manchester.cs.owl.owlapi.OWLOntologyManagerImpl.loadOntologyFromOntologyDocument(OWLOntologyManagerImpl.java:1186)
Unrecognized token 'Prefix': was expecting (JSON String, Number, Array, Object or token 'null', 'true' or 'false')
 at [Source: REDACTED (`StreamReadFeature.INCLUDE_SOURCE_IN_LOCATION` disabled); line: 1, column: 7]        com.fasterxml.jackson.core.JsonParser._constructError(JsonParser.java:2481)
        com.fasterxml.jackson.core.base.ParserMinimalBase._reportError(ParserMinimalBase.java:762)
        com.fasterxml.jackson.core.json.ReaderBasedJsonParser._reportInvalidToken(ReaderBasedJsonParser.java:3042)
        com.fasterxml.jackson.core.json.ReaderBasedJsonParser._handleOddValue(ReaderBasedJsonParser.java:2085)
        com.fasterxml.jackson.core.json.ReaderBasedJsonParser.nextToken(ReaderBasedJsonParser.java:812)
        org.eclipse.rdf4j.rio.rdfjson.RDFJSONParser.rdfJsonToHandlerInternal(RDFJSONParser.java:177)
        org.eclipse.rdf4j.rio.rdfjson.RDFJSONParser.parse(RDFJSONParser.java:83)
        org.semanticweb.owlapi.rio.RioParserImpl.parseDocumentSource(RioParserImpl.java:245)
        org.semanticweb.owlapi.rio.RioParserImpl.parse(RioParserImpl.java:185)
        uk.ac.manchester.cs.owl.owlapi.OWLOntologyFactoryImpl.loadOWLOntology(OWLOntologyFactoryImpl.java:220)


--------------------------------------------------------------------------------
Parser: org.semanticweb.owlapi.rio.RioParserImpl : org.semanticweb.owlapi.formats.NTriplesDocumentFormatFactory@937ecd36
    Stack trace:
org.eclipse.rdf4j.rio.RDFParseException: Expected '<' or '_', found: P [line 1, column 80]        org.semanticweb.owlapi.rio.RioParserImpl.parse(RioParserImpl.java:189)
        uk.ac.manchester.cs.owl.owlapi.OWLOntologyFactoryImpl.loadOWLOntology(OWLOntologyFactoryImpl.java:220)
        uk.ac.manchester.cs.owl.owlapi.OWLOntologyManagerImpl.actualParse(OWLOntologyManagerImpl.java:1303)
        uk.ac.manchester.cs.owl.owlapi.OWLOntologyManagerImpl.loadOntology(OWLOntologyManagerImpl.java:1243)
        uk.ac.manchester.cs.owl.owlapi.OWLOntologyManagerImpl.loadOntologyFromOntologyDocument(OWLOntologyManagerImpl.java:1186)
        org.protege.editor.owl.model.repository.extractors.LastResortExtractor.getOntologyId(LastResortExtractor.java:21)
        org.protege.editor.owl.model.repository.MasterOntologyIDExtractor.getOntologyId(MasterOntologyIDExtractor.java:26)
        org.protege.editor.owl.ui.ontology.imports.wizard.page.AnticipateOntologyIdPage.checkImport(AnticipateOntologyIdPage.java:109)
        org.protege.editor.owl.ui.ontology.imports.wizard.page.AnticipateOntologyIdPage.lambda$new$0(AnticipateOntologyIdPage.java:44)
        java.base/java.lang.Thread.run(Unknown Source)
Expected '<' or '_', found: P [line 1, column 80]        org.eclipse.rdf4j.rio.ntriples.NTriplesParser.parseSubject(NTriplesParser.java:190)
        org.eclipse.rdf4j.rio.ntriples.NTriplesParser.parseStatement(NTriplesParser.java:135)
        org.eclipse.rdf4j.rio.ntriples.NTriplesParser.parse(NTriplesParser.java:117)
        org.eclipse.rdf4j.rio.ntriples.NTriplesParser.parse(NTriplesParser.java:85)
        org.semanticweb.owlapi.rio.RioParserImpl.parseDocumentSource(RioParserImpl.java:245)
        org.semanticweb.owlapi.rio.RioParserImpl.parse(RioParserImpl.java:185)
        uk.ac.manchester.cs.owl.owlapi.OWLOntologyFactoryImpl.loadOWLOntology(OWLOntologyFactoryImpl.java:220)
        uk.ac.manchester.cs.owl.owlapi.OWLOntologyManagerImpl.actualParse(OWLOntologyManagerImpl.java:1303)
        uk.ac.manchester.cs.owl.owlapi.OWLOntologyManagerImpl.loadOntology(OWLOntologyManagerImpl.java:1243)
        uk.ac.manchester.cs.owl.owlapi.OWLOntologyManagerImpl.loadOntologyFromOntologyDocument(OWLOntologyManagerImpl.java:1186)


--------------------------------------------------------------------------------
Parser: org.semanticweb.owlapi.rio.RioParserImpl : org.semanticweb.owlapi.formats.BinaryRDFDocumentFormatFactory@3bf24493
    Stack trace:
org.eclipse.rdf4j.rio.RDFParseException: File does not contain a binary RDF document        org.semanticweb.owlapi.rio.RioParserImpl.parse(RioParserImpl.java:189)
        uk.ac.manchester.cs.owl.owlapi.OWLOntologyFactoryImpl.loadOWLOntology(OWLOntologyFactoryImpl.java:220)
        uk.ac.manchester.cs.owl.owlapi.OWLOntologyManagerImpl.actualParse(OWLOntologyManagerImpl.java:1303)
        uk.ac.manchester.cs.owl.owlapi.OWLOntologyManagerImpl.loadOntology(OWLOntologyManagerImpl.java:1243)
        uk.ac.manchester.cs.owl.owlapi.OWLOntologyManagerImpl.loadOntologyFromOntologyDocument(OWLOntologyManagerImpl.java:1186)
        org.protege.editor.owl.model.repository.extractors.LastResortExtractor.getOntologyId(LastResortExtractor.java:21)
        org.protege.editor.owl.model.repository.MasterOntologyIDExtractor.getOntologyId(MasterOntologyIDExtractor.java:26)
        org.protege.editor.owl.ui.ontology.imports.wizard.page.AnticipateOntologyIdPage.checkImport(AnticipateOntologyIdPage.java:109)
        org.protege.editor.owl.ui.ontology.imports.wizard.page.AnticipateOntologyIdPage.lambda$new$0(AnticipateOntologyIdPage.java:44)
        java.base/java.lang.Thread.run(Unknown Source)
File does not contain a binary RDF document        org.eclipse.rdf4j.rio.helpers.RDFParserHelper.reportFatalError(RDFParserHelper.java:340)
        org.eclipse.rdf4j.rio.helpers.RDFParserHelper.reportFatalError(RDFParserHelper.java:327)
        org.eclipse.rdf4j.rio.helpers.AbstractRDFParser.reportFatalError(AbstractRDFParser.java:739)
        org.eclipse.rdf4j.rio.binary.BinaryRDFParser.parse(BinaryRDFParser.java:80)
        org.semanticweb.owlapi.rio.RioParserImpl.parseDocumentSource(RioParserImpl.java:245)
        org.semanticweb.owlapi.rio.RioParserImpl.parse(RioParserImpl.java:185)
        uk.ac.manchester.cs.owl.owlapi.OWLOntologyFactoryImpl.loadOWLOntology(OWLOntologyFactoryImpl.java:220)
        uk.ac.manchester.cs.owl.owlapi.OWLOntologyManagerImpl.actualParse(OWLOntologyManagerImpl.java:1303)
        uk.ac.manchester.cs.owl.owlapi.OWLOntologyManagerImpl.loadOntology(OWLOntologyManagerImpl.java:1243)
        uk.ac.manchester.cs.owl.owlapi.OWLOntologyManagerImpl.loadOntologyFromOntologyDocument(OWLOntologyManagerImpl.java:1186)


--------------------------------------------------------------------------------
Parser: org.semanticweb.owlapi.rio.RioParserImpl : org.semanticweb.owlapi.formats.RDFJsonLDDocumentFormatFactory@dcacc47d
    Stack trace:
org.eclipse.rdf4j.rio.RDFParseException: Could not parse JSONLD [line 1, column 8]        org.semanticweb.owlapi.rio.RioParserImpl.parse(RioParserImpl.java:189)
        uk.ac.manchester.cs.owl.owlapi.OWLOntologyFactoryImpl.loadOWLOntology(OWLOntologyFactoryImpl.java:220)
        uk.ac.manchester.cs.owl.owlapi.OWLOntologyManagerImpl.actualParse(OWLOntologyManagerImpl.java:1303)
        uk.ac.manchester.cs.owl.owlapi.OWLOntologyManagerImpl.loadOntology(OWLOntologyManagerImpl.java:1243)
        uk.ac.manchester.cs.owl.owlapi.OWLOntologyManagerImpl.loadOntologyFromOntologyDocument(OWLOntologyManagerImpl.java:1186)
        org.protege.editor.owl.model.repository.extractors.LastResortExtractor.getOntologyId(LastResortExtractor.java:21)
        org.protege.editor.owl.model.repository.MasterOntologyIDExtractor.getOntologyId(MasterOntologyIDExtractor.java:26)
        org.protege.editor.owl.ui.ontology.imports.wizard.page.AnticipateOntologyIdPage.checkImport(AnticipateOntologyIdPage.java:109)
        org.protege.editor.owl.ui.ontology.imports.wizard.page.AnticipateOntologyIdPage.lambda$new$0(AnticipateOntologyIdPage.java:44)
        java.base/java.lang.Thread.run(Unknown Source)
Could not parse JSONLD [line 1, column 8]        org.eclipse.rdf4j.rio.jsonld.JSONLDParser.parse(JSONLDParser.java:133)
        org.eclipse.rdf4j.rio.jsonld.JSONLDParser.parse(JSONLDParser.java:91)
        org.semanticweb.owlapi.rio.RioParserImpl.parseDocumentSource(RioParserImpl.java:245)
        org.semanticweb.owlapi.rio.RioParserImpl.parse(RioParserImpl.java:185)
        uk.ac.manchester.cs.owl.owlapi.OWLOntologyFactoryImpl.loadOWLOntology(OWLOntologyFactoryImpl.java:220)
        uk.ac.manchester.cs.owl.owlapi.OWLOntologyManagerImpl.actualParse(OWLOntologyManagerImpl.java:1303)
        uk.ac.manchester.cs.owl.owlapi.OWLOntologyManagerImpl.loadOntology(OWLOntologyManagerImpl.java:1243)
        uk.ac.manchester.cs.owl.owlapi.OWLOntologyManagerImpl.loadOntologyFromOntologyDocument(OWLOntologyManagerImpl.java:1186)
        org.protege.editor.owl.model.repository.extractors.LastResortExtractor.getOntologyId(LastResortExtractor.java:21)
        org.protege.editor.owl.model.repository.MasterOntologyIDExtractor.getOntologyId(MasterOntologyIDExtractor.java:26)
Unrecognized token 'Prefix': was expecting (JSON String, Number, Array, Object or token 'null', 'true' or 'false')
 at [Source: REDACTED (`StreamReadFeature.INCLUDE_SOURCE_IN_LOCATION` disabled); line: 1, column: 8]        com.fasterxml.jackson.core.JsonParser._constructError(JsonParser.java:2481)
        com.fasterxml.jackson.core.base.ParserMinimalBase._reportError(ParserMinimalBase.java:762)
        com.fasterxml.jackson.core.json.UTF8StreamJsonParser._reportInvalidToken(UTF8StreamJsonParser.java:3703)
        com.fasterxml.jackson.core.json.UTF8StreamJsonParser._handleUnexpectedValue(UTF8StreamJsonParser.java:2791)
        com.fasterxml.jackson.core.json.UTF8StreamJsonParser._nextTokenNotInObject(UTF8StreamJsonParser.java:911)
        com.fasterxml.jackson.core.json.UTF8StreamJsonParser.nextToken(UTF8StreamJsonParser.java:797)
        com.github.jsonldjava.utils.JsonUtils.fromJsonParser(JsonUtils.java:202)
        org.eclipse.rdf4j.rio.jsonld.JSONLDParser.getJSONObject(JSONLDParser.java:146)
        org.eclipse.rdf4j.rio.jsonld.JSONLDParser.parse(JSONLDParser.java:126)
        org.eclipse.rdf4j.rio.jsonld.JSONLDParser.parse(JSONLDParser.java:91)


--------------------------------------------------------------------------------
Parser: org.semanticweb.owlapi.rio.RioParserImpl : org.semanticweb.owlapi.formats.N3DocumentFormatFactory@9a5
    Stack trace:
org.eclipse.rdf4j.rio.RDFParseException: Namespace prefix 'Prefix' used but not defined [line 1]        org.semanticweb.owlapi.rio.RioParserImpl.parse(RioParserImpl.java:189)
        uk.ac.manchester.cs.owl.owlapi.OWLOntologyFactoryImpl.loadOWLOntology(OWLOntologyFactoryImpl.java:220)
        uk.ac.manchester.cs.owl.owlapi.OWLOntologyManagerImpl.actualParse(OWLOntologyManagerImpl.java:1303)
        uk.ac.manchester.cs.owl.owlapi.OWLOntologyManagerImpl.loadOntology(OWLOntologyManagerImpl.java:1243)
        uk.ac.manchester.cs.owl.owlapi.OWLOntologyManagerImpl.loadOntologyFromOntologyDocument(OWLOntologyManagerImpl.java:1186)
        org.protege.editor.owl.model.repository.extractors.LastResortExtractor.getOntologyId(LastResortExtractor.java:21)
        org.protege.editor.owl.model.repository.MasterOntologyIDExtractor.getOntologyId(MasterOntologyIDExtractor.java:26)
        org.protege.editor.owl.ui.ontology.imports.wizard.page.AnticipateOntologyIdPage.checkImport(AnticipateOntologyIdPage.java:109)
        org.protege.editor.owl.ui.ontology.imports.wizard.page.AnticipateOntologyIdPage.lambda$new$0(AnticipateOntologyIdPage.java:44)
        java.base/java.lang.Thread.run(Unknown Source)
Namespace prefix 'Prefix' used but not defined [line 1]        org.eclipse.rdf4j.rio.helpers.RDFParserHelper.reportFatalError(RDFParserHelper.java:340)
        org.eclipse.rdf4j.rio.helpers.AbstractRDFParser.reportFatalError(AbstractRDFParser.java:747)
        org.eclipse.rdf4j.rio.turtle.TurtleParser.reportFatalError(TurtleParser.java:1307)
        org.eclipse.rdf4j.rio.helpers.AbstractRDFParser.getNamespace(AbstractRDFParser.java:345)
        org.eclipse.rdf4j.rio.turtle.TurtleParser.parseQNameOrBoolean(TurtleParser.java:1002)
        org.eclipse.rdf4j.rio.turtle.TurtleParser.parseValue(TurtleParser.java:572)
        org.eclipse.rdf4j.rio.turtle.TurtleParser.parseSubject(TurtleParser.java:396)
        org.eclipse.rdf4j.rio.turtle.TurtleParser.parseTriples(TurtleParser.java:331)
        org.eclipse.rdf4j.rio.turtle.TurtleParser.parseStatement(TurtleParser.java:200)
        org.eclipse.rdf4j.rio.turtle.TurtleParser.parse(TurtleParser.java:162)


--------------------------------------------------------------------------------
Parser: org.semanticweb.owlapi.rio.RioParserImpl : org.semanticweb.owlapi.formats.RioRDFXMLDocumentFormatFactory@69b9a3bc
    Stack trace:
org.eclipse.rdf4j.rio.RDFParseException: O conteúdo não é permitido no prólogo. [line 1, column 1]        org.semanticweb.owlapi.rio.RioParserImpl.parse(RioParserImpl.java:189)
        uk.ac.manchester.cs.owl.owlapi.OWLOntologyFactoryImpl.loadOWLOntology(OWLOntologyFactoryImpl.java:220)
        uk.ac.manchester.cs.owl.owlapi.OWLOntologyManagerImpl.actualParse(OWLOntologyManagerImpl.java:1303)
        uk.ac.manchester.cs.owl.owlapi.OWLOntologyManagerImpl.loadOntology(OWLOntologyManagerImpl.java:1243)
        uk.ac.manchester.cs.owl.owlapi.OWLOntologyManagerImpl.loadOntologyFromOntologyDocument(OWLOntologyManagerImpl.java:1186)
        org.protege.editor.owl.model.repository.extractors.LastResortExtractor.getOntologyId(LastResortExtractor.java:21)
        org.protege.editor.owl.model.repository.MasterOntologyIDExtractor.getOntologyId(MasterOntologyIDExtractor.java:26)
        org.protege.editor.owl.ui.ontology.imports.wizard.page.AnticipateOntologyIdPage.checkImport(AnticipateOntologyIdPage.java:109)
        org.protege.editor.owl.ui.ontology.imports.wizard.page.AnticipateOntologyIdPage.lambda$new$0(AnticipateOntologyIdPage.java:44)
        java.base/java.lang.Thread.run(Unknown Source)
O conteúdo não é permitido no prólogo. [line 1, column 1]        org.eclipse.rdf4j.rio.helpers.RDFParserHelper.reportFatalError(RDFParserHelper.java:373)
        org.eclipse.rdf4j.rio.helpers.AbstractRDFParser.reportFatalError(AbstractRDFParser.java:772)
        org.eclipse.rdf4j.rio.rdfxml.RDFXMLParser.reportFatalError(RDFXMLParser.java:1017)
        org.eclipse.rdf4j.rio.rdfxml.RDFXMLParser.fatalError(RDFXMLParser.java:1148)
        java.xml/com.sun.org.apache.xerces.internal.util.ErrorHandlerWrapper.fatalError(Unknown Source)
        java.xml/com.sun.org.apache.xerces.internal.impl.XMLErrorReporter.reportError(Unknown Source)
        java.xml/com.sun.org.apache.xerces.internal.impl.XMLErrorReporter.reportError(Unknown Source)
        java.xml/com.sun.org.apache.xerces.internal.impl.XMLScanner.reportFatalError(Unknown Source)
        java.xml/com.sun.org.apache.xerces.internal.impl.XMLDocumentScannerImpl$PrologDriver.next(Unknown Source)
        java.xml/com.sun.org.apache.xerces.internal.impl.XMLDocumentScannerImpl.next(Unknown Source)
O conteúdo não é permitido no prólogo.        java.xml/com.sun.org.apache.xerces.internal.util.ErrorHandlerWrapper.createSAXParseException(Unknown Source)
        java.xml/com.sun.org.apache.xerces.internal.util.ErrorHandlerWrapper.fatalError(Unknown Source)
        java.xml/com.sun.org.apache.xerces.internal.impl.XMLErrorReporter.reportError(Unknown Source)
        java.xml/com.sun.org.apache.xerces.internal.impl.XMLErrorReporter.reportError(Unknown Source)
        java.xml/com.sun.org.apache.xerces.internal.impl.XMLScanner.reportFatalError(Unknown Source)
        java.xml/com.sun.org.apache.xerces.internal.impl.XMLDocumentScannerImpl$PrologDriver.next(Unknown Source)
        java.xml/com.sun.org.apache.xerces.internal.impl.XMLDocumentScannerImpl.next(Unknown Source)
        java.xml/com.sun.org.apache.xerces.internal.impl.XMLNSDocumentScannerImpl.next(Unknown Source)
        java.xml/com.sun.org.apache.xerces.internal.impl.XMLDocumentFragmentScannerImpl.scanDocument(Unknown Source)
        java.xml/com.sun.org.apache.xerces.internal.parsers.XML11Configuration.parse(Unknown Source)


--------------------------------------------------------------------------------
Parser: org.semanticweb.owlapi.rdf.turtle.parser.TurtleOntologyParser@72505a45
    Stack trace:
org.semanticweb.owlapi.rdf.turtle.parser.ParseException: Prefix not declared: Prefix:        org.semanticweb.owlapi.rdf.turtle.parser.TurtleOntologyParser.parse(TurtleOntologyParser.java:114)
        uk.ac.manchester.cs.owl.owlapi.OWLOntologyFactoryImpl.loadOWLOntology(OWLOntologyFactoryImpl.java:220)
        uk.ac.manchester.cs.owl.owlapi.OWLOntologyManagerImpl.actualParse(OWLOntologyManagerImpl.java:1303)
        uk.ac.manchester.cs.owl.owlapi.OWLOntologyManagerImpl.loadOntology(OWLOntologyManagerImpl.java:1243)
        uk.ac.manchester.cs.owl.owlapi.OWLOntologyManagerImpl.loadOntologyFromOntologyDocument(OWLOntologyManagerImpl.java:1186)
        org.protege.editor.owl.model.repository.extractors.LastResortExtractor.getOntologyId(LastResortExtractor.java:21)
        org.protege.editor.owl.model.repository.MasterOntologyIDExtractor.getOntologyId(MasterOntologyIDExtractor.java:26)
        org.protege.editor.owl.ui.ontology.imports.wizard.page.AnticipateOntologyIdPage.checkImport(AnticipateOntologyIdPage.java:109)
        org.protege.editor.owl.ui.ontology.imports.wizard.page.AnticipateOntologyIdPage.lambda$new$0(AnticipateOntologyIdPage.java:44)
        java.base/java.lang.Thread.run(Unknown Source)
Prefix not declared: Prefix:        org.semanticweb.owlapi.rdf.turtle.parser.TurtleParser.getIRIFromQName(TurtleParser.java:118)
        org.semanticweb.owlapi.rdf.turtle.parser.TurtleParser.parseLoneNS(TurtleParser.java:225)
        org.semanticweb.owlapi.rdf.turtle.parser.TurtleParser.parseResource(TurtleParser.java:326)
        org.semanticweb.owlapi.rdf.turtle.parser.TurtleParser.parseSubject(TurtleParser.java:212)
        org.semanticweb.owlapi.rdf.turtle.parser.TurtleParser.parseTriples(TurtleParser.java:202)
        org.semanticweb.owlapi.rdf.turtle.parser.TurtleParser.parseStatement(TurtleParser.java:198)
        org.semanticweb.owlapi.rdf.turtle.parser.TurtleParser.parseDocument(TurtleParser.java:152)
        org.semanticweb.owlapi.rdf.turtle.parser.TurtleOntologyParser.parse(TurtleOntologyParser.java:107)
        uk.ac.manchester.cs.owl.owlapi.OWLOntologyFactoryImpl.loadOWLOntology(OWLOntologyFactoryImpl.java:220)
        uk.ac.manchester.cs.owl.owlapi.OWLOntologyManagerImpl.actualParse(OWLOntologyManagerImpl.java:1303)


--------------------------------------------------------------------------------
Parser: org.semanticweb.owlapi.oboformat.OBOFormatOWLAPIParser@54bddef7
    Stack trace:
LINENO: 16 - Expected at least one white space, but found end of line at pos: 12
LINE: Annotations:        org.semanticweb.owlapi.oboformat.OBOFormatOWLAPIParser.parse(OBOFormatOWLAPIParser.java:109)
        uk.ac.manchester.cs.owl.owlapi.OWLOntologyFactoryImpl.loadOWLOntology(OWLOntologyFactoryImpl.java:220)
        uk.ac.manchester.cs.owl.owlapi.OWLOntologyManagerImpl.actualParse(OWLOntologyManagerImpl.java:1303)
        uk.ac.manchester.cs.owl.owlapi.OWLOntologyManagerImpl.loadOntology(OWLOntologyManagerImpl.java:1243)
        uk.ac.manchester.cs.owl.owlapi.OWLOntologyManagerImpl.loadOntologyFromOntologyDocument(OWLOntologyManagerImpl.java:1186)
        org.protege.editor.owl.model.repository.extractors.LastResortExtractor.getOntologyId(LastResortExtractor.java:21)
        org.protege.editor.owl.model.repository.MasterOntologyIDExtractor.getOntologyId(MasterOntologyIDExtractor.java:26)
        org.protege.editor.owl.ui.ontology.imports.wizard.page.AnticipateOntologyIdPage.checkImport(AnticipateOntologyIdPage.java:109)
        org.protege.editor.owl.ui.ontology.imports.wizard.page.AnticipateOntologyIdPage.lambda$new$0(AnticipateOntologyIdPage.java:44)
        java.base/java.lang.Thread.run(Unknown Source)
LINENO: 16 - Expected at least one white space, but found end of line at pos: 12
LINE: Annotations:        org.obolibrary.oboformat.parser.OBOFormatParser.error(OBOFormatParser.java:1338)
        org.obolibrary.oboformat.parser.OBOFormatParser.parseWs(OBOFormatParser.java:1216)
        org.obolibrary.oboformat.parser.OBOFormatParser.getParseTag(OBOFormatParser.java:752)
        org.obolibrary.oboformat.parser.OBOFormatParser.parseHeaderClause(OBOFormatParser.java:425)
        org.obolibrary.oboformat.parser.OBOFormatParser.parseHeaderClauseNl(OBOFormatParser.java:418)
        org.obolibrary.oboformat.parser.OBOFormatParser.parseHeaderFrame(OBOFormatParser.java:401)
        org.obolibrary.oboformat.parser.OBOFormatParser.parseOBODoc(OBOFormatParser.java:283)
        org.obolibrary.oboformat.parser.OBOFormatParser.parse(OBOFormatParser.java:248)
        org.semanticweb.owlapi.oboformat.OBOFormatOWLAPIParser.parse(OBOFormatOWLAPIParser.java:91)
        uk.ac.manchester.cs.owl.owlapi.OWLOntologyFactoryImpl.loadOWLOntology(OWLOntologyFactoryImpl.java:220)


--------------------------------------------------------------------------------
Parser: org.semanticweb.owlapi.krss2.parser.KRSS2OWLParser@3312826d
    Stack trace:
org.semanticweb.owlapi.krss2.parser.ParseException: Encountered " <NAME> "Prefix: "" at line 1, column 1.
Was expecting:
    <EOF> 
            org.semanticweb.owlapi.krss2.parser.KRSS2OWLParser.parse(KRSS2OWLParser.java:297)
        uk.ac.manchester.cs.owl.owlapi.OWLOntologyFactoryImpl.loadOWLOntology(OWLOntologyFactoryImpl.java:220)
        uk.ac.manchester.cs.owl.owlapi.OWLOntologyManagerImpl.actualParse(OWLOntologyManagerImpl.java:1303)
        uk.ac.manchester.cs.owl.owlapi.OWLOntologyManagerImpl.loadOntology(OWLOntologyManagerImpl.java:1243)
        uk.ac.manchester.cs.owl.owlapi.OWLOntologyManagerImpl.loadOntologyFromOntologyDocument(OWLOntologyManagerImpl.java:1186)
        org.protege.editor.owl.model.repository.extractors.LastResortExtractor.getOntologyId(LastResortExtractor.java:21)
        org.protege.editor.owl.model.repository.MasterOntologyIDExtractor.getOntologyId(MasterOntologyIDExtractor.java:26)
        org.protege.editor.owl.ui.ontology.imports.wizard.page.AnticipateOntologyIdPage.checkImport(AnticipateOntologyIdPage.java:109)
        org.protege.editor.owl.ui.ontology.imports.wizard.page.AnticipateOntologyIdPage.lambda$new$0(AnticipateOntologyIdPage.java:44)
        java.base/java.lang.Thread.run(Unknown Source)
Encountered " <NAME> "Prefix: "" at line 1, column 1.
Was expecting:
    <EOF> 
            org.semanticweb.owlapi.krss2.parser.KRSS2Parser.generateParseException(KRSS2Parser.java:3187)
        org.semanticweb.owlapi.krss2.parser.KRSS2Parser.jj_consume_token(KRSS2Parser.java:3040)
        org.semanticweb.owlapi.krss2.parser.KRSS2Parser.parse(KRSS2Parser.java:141)
        org.semanticweb.owlapi.krss2.parser.KRSS2OWLParser.parse(KRSS2OWLParser.java:294)
        uk.ac.manchester.cs.owl.owlapi.OWLOntologyFactoryImpl.loadOWLOntology(OWLOntologyFactoryImpl.java:220)
        uk.ac.manchester.cs.owl.owlapi.OWLOntologyManagerImpl.actualParse(OWLOntologyManagerImpl.java:1303)
        uk.ac.manchester.cs.owl.owlapi.OWLOntologyManagerImpl.loadOntology(OWLOntologyManagerImpl.java:1243)
        uk.ac.manchester.cs.owl.owlapi.OWLOntologyManagerImpl.loadOntologyFromOntologyDocument(OWLOntologyManagerImpl.java:1186)
        org.protege.editor.owl.model.repository.extractors.LastResortExtractor.getOntologyId(LastResortExtractor.java:21)
        org.protege.editor.owl.model.repository.MasterOntologyIDExtractor.getOntologyId(MasterOntologyIDExtractor.java:26)


--------------------------------------------------------------------------------
Parser: org.semanticweb.owlapi.rio.RioParserImpl : org.semanticweb.owlapi.formats.RDFaDocumentFormatFactory@264e8d
    Stack trace:
org.eclipse.rdf4j.rio.UnsupportedRDFormatException: Did not recognise RDF format object RDFa (mimeTypes=application/xhtml+xml, application/html, text/html; ext=xhtml, html)        org.semanticweb.owlapi.rio.RioParserImpl.parse(RioParserImpl.java:200)
        uk.ac.manchester.cs.owl.owlapi.OWLOntologyFactoryImpl.loadOWLOntology(OWLOntologyFactoryImpl.java:220)
        uk.ac.manchester.cs.owl.owlapi.OWLOntologyManagerImpl.actualParse(OWLOntologyManagerImpl.java:1303)
        uk.ac.manchester.cs.owl.owlapi.OWLOntologyManagerImpl.loadOntology(OWLOntologyManagerImpl.java:1243)
        uk.ac.manchester.cs.owl.owlapi.OWLOntologyManagerImpl.loadOntologyFromOntologyDocument(OWLOntologyManagerImpl.java:1186)
        org.protege.editor.owl.model.repository.extractors.LastResortExtractor.getOntologyId(LastResortExtractor.java:21)
        org.protege.editor.owl.model.repository.MasterOntologyIDExtractor.getOntologyId(MasterOntologyIDExtractor.java:26)
        org.protege.editor.owl.ui.ontology.imports.wizard.page.AnticipateOntologyIdPage.checkImport(AnticipateOntologyIdPage.java:109)
        org.protege.editor.owl.ui.ontology.imports.wizard.page.AnticipateOntologyIdPage.lambda$new$0(AnticipateOntologyIdPage.java:44)
        java.base/java.lang.Thread.run(Unknown Source)
Did not recognise RDF format object RDFa (mimeTypes=application/xhtml+xml, application/html, text/html; ext=xhtml, html)        org.eclipse.rdf4j.rio.Rio.lambda$unsupportedFormat$0(Rio.java:690)
        java.base/java.util.Optional.orElseThrow(Unknown Source)
        org.eclipse.rdf4j.rio.Rio.createParser(Rio.java:96)
        org.semanticweb.owlapi.rio.RioParserImpl.parseDocumentSource(RioParserImpl.java:225)
        org.semanticweb.owlapi.rio.RioParserImpl.parse(RioParserImpl.java:185)
        uk.ac.manchester.cs.owl.owlapi.OWLOntologyFactoryImpl.loadOWLOntology(OWLOntologyFactoryImpl.java:220)
        uk.ac.manchester.cs.owl.owlapi.OWLOntologyManagerImpl.actualParse(OWLOntologyManagerImpl.java:1303)
        uk.ac.manchester.cs.owl.owlapi.OWLOntologyManagerImpl.loadOntology(OWLOntologyManagerImpl.java:1243)
        uk.ac.manchester.cs.owl.owlapi.OWLOntologyManagerImpl.loadOntologyFromOntologyDocument(OWLOntologyManagerImpl.java:1186)
        org.protege.editor.owl.model.repository.extractors.LastResortExtractor.getOntologyId(LastResortExtractor.java:21)



	at uk.ac.manchester.cs.owl.owlapi.OWLOntologyFactoryImpl.loadOWLOntology(OWLOntologyFactoryImpl.java:257)
	at uk.ac.manchester.cs.owl.owlapi.OWLOntologyManagerImpl.actualParse(OWLOntologyManagerImpl.java:1303)
	at uk.ac.manchester.cs.owl.owlapi.OWLOntologyManagerImpl.loadOntology(OWLOntologyManagerImpl.java:1243)
	at uk.ac.manchester.cs.owl.owlapi.OWLOntologyManagerImpl.loadOntologyFromOntologyDocument(OWLOntologyManagerImpl.java:1186)
	at org.protege.editor.owl.model.repository.extractors.LastResortExtractor.getOntologyId(LastResortExtractor.java:21)
	at org.protege.editor.owl.model.repository.MasterOntologyIDExtractor.getOntologyId(MasterOntologyIDExtractor.java:26)
	at org.protege.editor.owl.ui.ontology.imports.wizard.page.AnticipateOntologyIdPage.checkImport(AnticipateOntologyIdPage.java:109)
	at org.protege.editor.owl.ui.ontology.imports.wizard.page.AnticipateOntologyIdPage.lambda$new$0(AnticipateOntologyIdPage.java:44)
	at java.base/java.lang.Thread.run(Unknown Source)
2026-06-25 14:26:44.262 [Thread-6] ERROR AnticipateOntologyIdPage    An error occurred whilst extracting the Ontology Id from the imported ontology: {}
java.lang.NullPointerException: null
	at org.protege.editor.owl.model.repository.MasterOntologyIDExtractor.getOntologyId(MasterOntologyIDExtractor.java:27)
	at org.protege.editor.owl.ui.ontology.imports.wizard.page.AnticipateOntologyIdPage.checkImport(AnticipateOntologyIdPage.java:109)
	at org.protege.editor.owl.ui.ontology.imports.wizard.page.AnticipateOntologyIdPage.lambda$new$0(AnticipateOntologyIdPage.java:44)
	at java.base/java.lang.Thread.run(Unknown Source)
2026-06-25 14:26:45.659 [pool-14-thread-1] INFO  AddImportsStrategy    -------------------- Importing ontology and imports closure --------------------
